{"jaccard": [0.6374784267417567], "precision": [[0.9864608014164085]], "recall": [[0.7253691909071184]], "fscore": [[0.8360038982770353]]}