{"jaccard": [0.6472770471645026], "precision": [[0.9740893637688198]], "recall": [[0.89874977594551]], "fscore": [[0.9349042092015103]]}