{"jaccard": [0.6441869502243261], "precision": [[0.9486751000263542]], "recall": [[0.9446916378384826]], "fscore": [[0.946679178521051]]}