{"jaccard": [0.5432846782337281], "precision": [[0.9954127254871556]], "recall": [[0.6622393012499785]], "fscore": [[0.79534355479841]]}