{"jaccard": [0.5681467356760193], "precision": [[0.8761164961608202]], "recall": [[0.731416503919938]], "fscore": [[0.797254009238181]]}