{"jaccard": [0.6257286505392013], "precision": [[0.9697791630744744]], "recall": [[0.9171375709492301]], "fscore": [[0.9427240640159879]]}