{"jaccard": [0.610575454823088], "precision": [[0.9385389883641024]], "recall": [[0.8968913943347082]], "fscore": [[0.9172426803501358]]}