{"jaccard": [0.711217442137398], "precision": [[0.9587760381031416]], "recall": [[0.9524068438730499]], "fscore": [[0.9555808280228157]]}