{"jaccard": [0.6492569614774203], "precision": [[0.9757178163649854]], "recall": [[0.9015402978007724]], "fscore": [[0.9371635409082986]]}