{"jaccard": [0.6783515210632202], "precision": [[0.9252870079646983]], "recall": [[0.8681992424328597]], "fscore": [[0.8958345559324422]]}