{"jaccard": [0.6695672298079148], "precision": [[0.9388144139712212]], "recall": [[0.93499096671464]], "fscore": [[0.9368987895245546]]}