{"jaccard": [0.5966342082980525], "precision": [[0.9091287872832188]], "recall": [[0.8450964630225081]], "fscore": [[0.8759439786094637]]}