{"jaccard": [0.701340730466944], "precision": [[0.9815760525108002]], "recall": [[0.9243444973450599]], "fscore": [[0.9521009917571449]]}