{"jaccard": [0.718206231836074], "precision": [[0.9684796226259726]], "recall": [[0.96335734052574]], "fscore": [[0.9659116906886295]]}