{"jaccard": [0.6460315584185332], "precision": [[0.9744368392300524]], "recall": [[0.8867082222557959]], "fscore": [[0.9285049030239779]]}