{"jaccard": [0.562495548750089], "precision": [[0.8526710136854637]], "recall": [[0.8000573899854475]], "fscore": [[0.8255267401591456]]}