{"jaccard": [0.6598064681871378], "precision": [[0.9596269189103496]], "recall": [[0.9233957083290959]], "fscore": [[0.9411627515256741]]}