{"jaccard": [0.7079828703195344], "precision": [[0.9818992214670155]], "recall": [[0.9359632099651204]], "fscore": [[0.9583810935805802]]}