{"jaccard": [0.7058697163075757], "precision": [[0.9345898946895944]], "recall": [[0.9872165111384094]], "fscore": [[0.9601826410638458]]}