{"jaccard": [0.7299862786458866], "precision": [[0.9950989360504391]], "recall": [[0.9649740529585769]], "fscore": [[0.9798049958342067]]}