{"jaccard": [0.7520114850169811], "precision": [[0.9959259271487103]], "recall": [[0.9893961756699138]], "fscore": [[0.9926503131884676]]}