{"jaccard": [0.6450731189740277], "precision": [[0.9960605653639673]], "recall": [[0.9609829998305631]], "fscore": [[0.978207421786491]]}