{"jaccard": [0.5329500286011822], "precision": [[0.97461971797006]], "recall": [[0.9502871816987827]], "fscore": [[0.9622996573778888]]}