{"jaccard": [0.5942862443187088], "precision": [[0.9692188075151934]], "recall": [[0.9484252272384782]], "fscore": [[0.9587092819126702]]}