{"jaccard": [0.5992525723160551], "precision": [[0.8494143963003921]], "recall": [[0.9802906369648451]], "fscore": [[0.9101718194549177]]}