{"jaccard": [0.5782440487939678], "precision": [[0.9869958061359951]], "recall": [[0.7844044902801862]], "fscore": [[0.8741151774526875]]}