{"jaccard": [0.670865428183054], "precision": [[0.9942119971920902]], "recall": [[0.9817902395160631]], "fscore": [[0.9879620748598701]]}