{"jaccard": [0.6381662340797972], "precision": [[0.9829243475251667]], "recall": [[0.9721190635519843]], "fscore": [[0.9774918458021934]]}