{"jaccard": [0.6044697939704342], "precision": [[0.9120430037887374]], "recall": [[0.8961690212549319]], "fscore": [[0.9040363350398818]]}