{"jaccard": [0.5909406590014662], "precision": [[0.99363016584896]], "recall": [[0.9347626025583848]], "fscore": [[0.96329786651979]]}