{"jaccard": [0.7138254657515058], "precision": [[0.9776576849766072]], "recall": [[0.9850614347133411]], "fscore": [[0.9813455956690474]]}