{"jaccard": [0.6093020558471308], "precision": [[0.9817768444436731]], "recall": [[0.9187604554092024]], "fscore": [[0.9492239281818945]]}