{"jaccard": [0.6504558228802523], "precision": [[0.9866322600824976]], "recall": [[0.8985368945417513]], "fscore": [[0.9405261961290035]]}