{"jaccard": [0.6340569009647569], "precision": [[0.9733794730751312]], "recall": [[0.9466635484307112]], "fscore": [[0.9598356449619957]]}