{"jaccard": [0.6496835244720186], "precision": [[0.9775148335662414]], "recall": [[0.9565115053968325]], "fscore": [[0.9668991224840104]]}