{"jaccard": [0.6527120426714748], "precision": [[0.9667591621414694]], "recall": [[0.9193700442753489]], "fscore": [[0.9424692758881786]]}