{"jaccard": [0.7214091574325737], "precision": [[0.9784228087784499]], "recall": [[0.9746208804868295]], "fscore": [[0.9765181440859457]]}