{"jaccard": [0.6648187803950607], "precision": [[0.9663440571974986]], "recall": [[0.9947734330595804]], "fscore": [[0.980352681642817]]}