{"jaccard": [0.6222972777922116], "precision": [[0.9930747201249674]], "recall": [[0.9130212765957447]], "fscore": [[0.951366930399479]]}