{"jaccard": [0.5986804756425009], "precision": [[0.9734865124451824]], "recall": [[0.9404436516385188]], "fscore": [[0.9566798494166542]]}