{"jaccard": [0.6138155376961347], "precision": [[0.978233440569696]], "recall": [[0.8897942015923088]], "fscore": [[0.9319203030798857]]}