{"jaccard": [0.5989673993214338], "precision": [[0.9708966391343015]], "recall": [[0.891659248970489]], "fscore": [[0.9295924740914479]]}