{"jaccard": [0.6784958114701279], "precision": [[0.9679423459244533]], "recall": [[0.9739727703676905]], "fscore": [[0.9709481947041119]]}