{"jaccard": [0.6296191071462394], "precision": [[0.9807544154991868]], "recall": [[0.8449241458987984]], "fscore": [[0.9077864026815209]]}