{"jaccard": [0.7153849821215733], "precision": [[0.9876483772433469]], "recall": [[0.9934199978404766]], "fscore": [[0.9905257800571584]]}