{"jaccard": [0.616432455088426], "precision": [[0.9709894553211917]], "recall": [[0.9772702526132404]], "fscore": [[0.9741197299538561]]}