{"jaccard": [0.7151473569951051], "precision": [[0.9690474403498837]], "recall": [[0.9903286650141025]], "fscore": [[0.9795724825977278]]}