{"jaccard": [0.7411512115325631], "precision": [[0.9950779704678228]], "recall": [[0.9912899456317162]], "fscore": [[0.9931803461478549]]}