{"jaccard": [0.6890527999593749], "precision": [[0.9346872797267256]], "recall": [[0.9901919604231961]], "fscore": [[0.9616393699826545]]}