{"jaccard": [0.7171131984082513], "precision": [[0.9939514747766058]], "recall": [[0.9927369532349721]], "fscore": [[0.9933438427692745]]}