{"jaccard": [0.6737500435929926], "precision": [[0.9272670184643121]], "recall": [[0.9815939957112223]], "fscore": [[0.9536574229200703]]}