{"jaccard": [0.6718752771323673], "precision": [[0.995119369252351]], "recall": [[0.9922934698490103]], "fscore": [[0.9937044104795706]]}