{"jaccard": [0.5375677858543902], "precision": [[0.9955205784769967]], "recall": [[0.9078534447372254]], "fscore": [[0.9496680898806371]]}