{"jaccard": [0.6726900570108245], "precision": [[0.9931634830487549]], "recall": [[0.9714738910218281]], "fscore": [[0.9821989605125999]]}