{"jaccard": [0.680015957495036], "precision": [[0.9786776703392618]], "recall": [[0.9944503092537866]], "fscore": [[0.9865009487416861]]}