{"jaccard": [0.5686829738522714], "precision": [[0.9569291620764259]], "recall": [[0.98686277260859]], "fscore": [[0.971665484587769]]}