{"jaccard": [0.7414248835224059], "precision": [[0.9952463905045912]], "recall": [[0.9916159209248963]], "fscore": [[0.9934278388494296]]}