{"jaccard": [0.7173597739378329], "precision": [[0.9897254194427235]], "recall": [[0.9759569869424647]], "fscore": [[0.9827929833649915]]}