{"jaccard": [0.6052777352175092], "precision": [[0.9612439233347229]], "recall": [[0.9859933603140719]], "fscore": [[0.973461358827626]]}