{"jaccard": [0.7538798866249532], "precision": [[0.9454341994832721]], "recall": [[0.9926155781238661]], "fscore": [[0.9684505788668101]]}