{"jaccard": [0.69695635005012], "precision": [[0.9787442808705796]], "recall": [[0.923569674773329]], "fscore": [[0.9503568372486921]]}