{"jaccard": [0.7144640091424447], "precision": [[0.9947186153718472]], "recall": [[0.8814197275000334]], "fscore": [[0.9346481449317486]]}