{"jaccard": [0.5866118288950742], "precision": [[0.9850972013622998]], "recall": [[0.9485965126700888]], "fscore": [[0.9665023608156489]]}