{"jaccard": [0.5682950490816713], "precision": [[0.9685230582431009]], "recall": [[0.9340784358775769]], "fscore": [[0.9509889550183453]]}