{"jaccard": [0.6752038178564327], "precision": [[0.9915501830924912]], "recall": [[0.8969624437225736]], "fscore": [[0.9418875602649601]]}