{"jaccard": [0.6789067806768689], "precision": [[0.9343626305310954]], "recall": [[0.9086428822872186]], "fscore": [[0.9213232926351401]]}