{"jaccard": [0.6067555477972463], "precision": [[0.9848507566866072]], "recall": [[0.8962410189572345]], "fscore": [[0.9384588855495887]]}