{"jaccard": [0.6631609049313676], "precision": [[0.973026173802383]], "recall": [[0.9594031362132097]], "fscore": [[0.9661666358765933]]}