{"jaccard": [0.6155814171164706], "precision": [[0.9870679511115992]], "recall": [[0.9212349954423484]], "fscore": [[0.9530159150942503]]}