{"jaccard": [0.5896663609106965], "precision": [[0.9836133201139823]], "recall": [[0.9663706988450784]], "fscore": [[0.9749157760372733]]}