{"jaccard": [0.56633749321758], "precision": [[0.9233034041414215]], "recall": [[0.8866234239623153]], "fscore": [[0.9045917357814963]]}