{"jaccard": [0.5704845295131103], "precision": [[0.9201808432633799]], "recall": [[0.9931662015782998]], "fscore": [[0.9552814951504296]]}