{"jaccard": [0.5890443707764886], "precision": [[0.9853411835748792]], "recall": [[0.979625224197579]], "fscore": [[0.9824748902093455]]}