{"jaccard": [0.5391418114369938], "precision": [[0.9853774344117173]], "recall": [[0.8950053725321073]], "fscore": [[0.938019742058552]]}