{"jaccard": [0.48071738804852476], "precision": [[0.9948287313786887]], "recall": [[0.8452298503087268]], "fscore": [[0.913948010214897]]}