{"jaccard": [0.615320578145857], "precision": [[0.9878569047467441]], "recall": [[0.8790634113823848]], "fscore": [[0.9302902251820079]]}