{"jaccard": [0.6786941247258399], "precision": [[0.9840428671979656]], "recall": [[0.9706303917440808]], "fscore": [[0.9772906129572714]]}