{"jaccard": [0.5821194642682569], "precision": [[0.9861168395282223]], "recall": [[0.9771651830909868]], "fscore": [[0.9816206036065728]]}