{"jaccard": [0.4784528063905823], "precision": [[0.9611326722554328]], "recall": [[0.8216217030442707]], "fscore": [[0.8859184125095676]]}