{"jaccard": [0.591920613695545], "precision": [[0.9874426568333226]], "recall": [[0.86049919746912]], "fscore": [[0.9196107678102138]]}