{"jaccard": [0.634337807039757], "precision": [[0.9746388387074288]], "recall": [[0.8703096633642824]], "fscore": [[0.9195244188818528]]}