{"jaccard": [0.6181061891898353], "precision": [[0.9699929316868321]], "recall": [[0.9540426367209065]], "fscore": [[0.9619516700650048]]}