{"jaccard": [0.6313957060449875], "precision": [[0.9839645484033076]], "recall": [[0.8216951739047498]], "fscore": [[0.8955385233745895]]}