{"jaccard": [0.6527155217345981], "precision": [[0.9932350146070185]], "recall": [[0.9151786003852864]], "fscore": [[0.9526105068427484]]}