{"jaccard": [0.6770415213528986], "precision": [[0.968340266275556]], "recall": [[0.8610892491736187]], "fscore": [[0.9115709414222207]]}