{"jaccard": [0.5941377691327386], "precision": [[0.979875723533069]], "recall": [[0.982321885665529]], "fscore": [[0.9810972798524665]]}