{"jaccard": [0.7020996033855338], "precision": [[0.9958167676197408]], "recall": [[0.9661773100897209]], "fscore": [[0.9807731601354588]]}