{"jaccard": [0.5709044649651867], "precision": [[0.9665908020198133]], "recall": [[0.9848558602412245]], "fscore": [[0.9756378529162578]]}