{"jaccard": [0.709320820741212], "precision": [[0.9859060447932257]], "recall": [[0.9878140631385542]], "fscore": [[0.986859131714049]]}