{"jaccard": [0.6700504833092005], "precision": [[0.989902315881901]], "recall": [[0.990986798519883]], "fscore": [[0.9904442603385935]]}