{"jaccard": [0.6990171377254472], "precision": [[0.963297268416483]], "recall": [[0.9875388981510327]], "fscore": [[0.9752674666860502]]}