{"jaccard": [0.6768477358214059], "precision": [[0.8790837642401911]], "recall": [[0.9874576039698618]], "fscore": [[0.9301245204737818]]}