{"jaccard": [0.6905573158557229], "precision": [[0.9675517482356878]], "recall": [[0.9895907786782101]], "fscore": [[0.9784471746754302]]}