{"jaccard": [0.7221952163990344], "precision": [[0.9915492866470305]], "recall": [[0.988145674834343]], "fscore": [[0.9898445548926149]]}