{"jaccard": [0.7278128021659254], "precision": [[0.9956206266867051]], "recall": [[0.9841790148305761]], "fscore": [[0.989866759210613]]}