{"jaccard": [0.6782095129520552], "precision": [[0.9915047611733989]], "recall": [[0.9965203968419868]], "fscore": [[0.9940062519747933]]}