{"jaccard": [0.7288018932128937], "precision": [[0.9955559864901989]], "recall": [[0.9841780038468666]], "fscore": [[0.9898342992382553]]}