{"jaccard": [0.7082113538190677], "precision": [[0.9956254829712223]], "recall": [[0.9905171674244574]], "fscore": [[0.9930647559597945]]}