{"jaccard": [0.5783312992344392], "precision": [[0.9954771247593434]], "recall": [[0.9583165326146162]], "fscore": [[0.9765434368118104]]}