{"jaccard": [0.7325378902782927], "precision": [[0.9756017673678652]], "recall": [[0.9795040434884735]], "fscore": [[0.9775490110714454]]}