{"jaccard": [0.7196612665684831], "precision": [[0.950988402284923]], "recall": [[0.9875963083737502]], "fscore": [[0.968946706573097]]}