{"jaccard": [0.6792614331132306], "precision": [[0.9532465547207055]], "recall": [[0.9904323236229418]], "fscore": [[0.9714837267585599]]}