{"jaccard": [0.6768673514678841], "precision": [[0.9837622558820236]], "recall": [[0.996603765024613]], "fscore": [[0.9901413756354821]]}