{"jaccard": [0.6480649013134789], "precision": [[0.9940726935121803]], "recall": [[0.9693310182682954]], "fscore": [[0.981545965766826]]}