{"jaccard": [0.49681009150735744], "precision": [[0.9944193820525109]], "recall": [[0.8947651647713301]], "fscore": [[0.941963900488105]]}