{"jaccard": [0.7124265702666064], "precision": [[0.9908710138671559]], "recall": [[0.9818481351899563]], "fscore": [[0.9863389399796234]]}