{"jaccard": [0.6981043613541189], "precision": [[0.9861483005491996]], "recall": [[0.9928658237707395]], "fscore": [[0.9894956612513865]]}