{"jaccard": [0.7266273058086978], "precision": [[0.9924590980815546]], "recall": [[0.9928218932256617]], "fscore": [[0.9926404625045686]]}