{"jaccard": [0.6966805960734842], "precision": [[0.992948277602154]], "recall": [[0.9778237312045142]], "fscore": [[0.9853279682878646]]}