{"jaccard": [0.715880696707824], "precision": [[0.9510541803704344]], "recall": [[0.9875865044128485]], "fscore": [[0.9689761293792932]]}