{"jaccard": [0.7765678226391913], "precision": [[0.9863514462161577]], "recall": [[0.9942218019369354]], "fscore": [[0.9902709865586639]]}