{"jaccard": [0.7582173077571385], "precision": [[0.9750583958013663]], "recall": [[0.9910661955834291]], "fscore": [[0.9829971295134624]]}