{"jaccard": [0.6644812957963748], "precision": [[0.9849304345305016]], "recall": [[0.9924692195579562]], "fscore": [[0.9886854563327815]]}