{"jaccard": [0.5441944194419442], "precision": [[0.9077765028638345]], "recall": [[0.9145651667166175]], "fscore": [[0.9111581900821355]]}