{"jaccard": [0.6159236459756249], "precision": [[0.9752767623923598]], "recall": [[0.9599037661046911]], "fscore": [[0.9675292030164129]]}