{"jaccard": [0.6662981243830207], "precision": [[0.9400690422742449]], "recall": [[0.9655381753833039]], "fscore": [[0.9526334067180466]]}