{"jaccard": [0.5876581410833889], "precision": [[0.9516913836053361]], "recall": [[0.948390464590221]], "fscore": [[0.9500380568354144]]}