{"jaccard": [0.6317065017549724], "precision": [[0.971754634035454]], "recall": [[0.9871429074641587]], "fscore": [[0.9793883288547864]]}