{"jaccard": [0.6793867386116011], "precision": [[0.9933606936254255]], "recall": [[0.9659192672421132]], "fscore": [[0.9794478098667776]]}