{"jaccard": [0.7151690456727242], "precision": [[0.9879703218880405]], "recall": [[0.9196491171516759]], "fscore": [[0.9525862608673876]]}