{"jaccard": [0.7223152715049727], "precision": [[0.9848397044518492]], "recall": [[0.9891319410762046]], "fscore": [[0.9869811562088407]]}