{"jaccard": [0.7282734646581692], "precision": [[0.9914641747512764]], "recall": [[0.9668796429052]], "fscore": [[0.979017594963471]]}