{"jaccard": [0.7145038167938931], "precision": [[0.9956209605758597]], "recall": [[0.9954141487094105]], "fscore": [[0.9955175439017023]]}