{"jaccard": [0.6625854568054692], "precision": [[0.9439643243735572]], "recall": [[0.9813250884035646]], "fscore": [[0.9622822085013232]]}