{"jaccard": [0.6215875124543341], "precision": [[0.9384937560038424]], "recall": [[0.925394227344715]], "fscore": [[0.9318979594951391]]}