{"jaccard": [0.6780733675383677], "precision": [[0.9862521001639889]], "recall": [[0.9413699393101329]], "fscore": [[0.9632885084973937]]}