{"jaccard": [0.6145530934076354], "precision": [[0.9922791586460777]], "recall": [[0.9375012445323545]], "fscore": [[0.9641127504684285]]}