{"jaccard": [0.648192706662389], "precision": [[0.8725354175764042]], "recall": [[0.9351481042654028]], "fscore": [[0.9027574039283641]]}