{"jaccard": [0.6856642414443547], "precision": [[0.9757335743142674]], "recall": [[0.8800062325085247]], "fscore": [[0.9254008816402668]]}