{"jaccard": [0.6114012504597278], "precision": [[0.992732013071662]], "recall": [[0.9250871138120738]], "fscore": [[0.9577165853524078]]}