{"jaccard": [0.5715667311411993], "precision": [[0.9909596063289379]], "recall": [[0.8112340056386901]], "fscore": [[0.8921351463349918]]}