{"jaccard": [0.6189889568392802], "precision": [[0.9840914112559578]], "recall": [[0.888809698593818]], "fscore": [[0.9340268805728131]]}