{"jaccard": [0.5981755186176045], "precision": [[0.954925952278197]], "recall": [[0.9407308104795465]], "fscore": [[0.947775233030858]]}