{"jaccard": [0.5710218759364699], "precision": [[0.9405044047453082]], "recall": [[0.8270682397996415]], "fscore": [[0.8801463690413325]]}