{"jaccard": [0.6739759091012592], "precision": [[0.9701437797062948]], "recall": [[0.9525253164248975]], "fscore": [[0.9612538242819189]]}