{"jaccard": [0.5657707213401675], "precision": [[0.9907595907252201]], "recall": [[0.7889407033906334]], "fscore": [[0.8784069665910703]]}