{"jaccard": [0.6238288718929255], "precision": [[0.9857080881589158]], "recall": [[0.8800440785777022]], "fscore": [[0.929884023886929]]}