{"jaccard": [0.6030206523837097], "precision": [[0.9860630379514197]], "recall": [[0.8699694083818872]], "fscore": [[0.9243854324298714]]}