{"jaccard": [0.5457293114912651], "precision": [[0.9581088565530437]], "recall": [[0.7607470230446329]], "fscore": [[0.848097236105717]]}