{"jaccard": [0.48866719872306463], "precision": [[0.915886113902989]], "recall": [[0.8486062635969511]], "fscore": [[0.8809635030566443]]}