{"jaccard": [0.6342337816546023], "precision": [[0.9520192097795241]], "recall": [[0.8850556051627567]], "fscore": [[0.9173169551774184]]}