{"jaccard": [0.5815026513325529], "precision": [[0.9717421976409504]], "recall": [[0.8649456467136858]], "fscore": [[0.915239011529323]]}