{"jaccard": [0.6039152625323359], "precision": [[0.9966043654048143]], "recall": [[0.943606999570871]], "fscore": [[0.9693818642389551]]}