{"jaccard": [0.5407161085762895], "precision": [[0.9677598913454901]], "recall": [[0.8383966977219682]], "fscore": [[0.8984455744346603]]}