{"jaccard": [0.6752162695401427], "precision": [[0.8172672088737086]], "recall": [[0.9357805269985092]], "fscore": [[0.8725178713264495]]}