{"jaccard": [0.5739439751000445], "precision": [[0.9950611005257654]], "recall": [[0.9279318395115744]], "fscore": [[0.9603247710512717]]}