{"jaccard": [0.6746421203975745], "precision": [[0.9870324016131276]], "recall": [[0.9908753179872185]], "fscore": [[0.9889501265607221]]}