{"jaccard": [0.5603030029759221], "precision": [[0.9619376473586949]], "recall": [[0.9442624360798787]], "fscore": [[0.9530180951554227]]}