{"jaccard": [0.5880214259942828], "precision": [[0.97206853038245]], "recall": [[0.948094674556213]], "fscore": [[0.9599319418150447]]}