{"jaccard": [0.5751813328228362], "precision": [[0.9503734895051869]], "recall": [[0.9337620272962163]], "fscore": [[0.9419945310043015]]}