{"jaccard": [0.7563295995089765], "precision": [[0.9922439832407678]], "recall": [[0.8729875696528075]], "fscore": [[0.9288033564392557]]}