{"jaccard": [0.5997036017678038], "precision": [[0.9289613211124017]], "recall": [[0.9164252297608587]], "fscore": [[0.9226506953099083]]}