{"jaccard": [0.4983490472212277], "precision": [[0.9592445585908113]], "recall": [[0.7916303897920443]], "fscore": [[0.8674144827127815]]}