{"jaccard": [0.6064691760267512], "precision": [[0.9905587905869383]], "recall": [[0.9078445282856621]], "fscore": [[0.9473997111569147]]}