{"jaccard": [0.5958505680639986], "precision": [[0.9944744186701299]], "recall": [[0.9437862608678226]], "fscore": [[0.9684675575724132]]}