{"jaccard": [0.6000403004623358], "precision": [[0.9910921659303776]], "recall": [[0.9668699405642364]], "fscore": [[0.97883122496418]]}