{"jaccard": [0.5100255685641233], "precision": [[0.9883510778128286]], "recall": [[0.929034749034749]], "fscore": [[0.9577754071998344]]}