{"jaccard": [0.6178965636931621], "precision": [[0.9949557559953832]], "recall": [[0.954072657090642]], "fscore": [[0.9740854216764523]]}