{"jaccard": [0.5675475318332461], "precision": [[0.9639122841921436]], "recall": [[0.9186615471318491]], "fscore": [[0.9407430779727569]]}