{"jaccard": [0.5803677813964572], "precision": [[0.9615473850558359]], "recall": [[0.8710789095898668]], "fscore": [[0.9140801374950841]]}