{"jaccard": [0.521668479471622], "precision": [[0.979584261321455]], "recall": [[0.9420172892772337]], "fscore": [[0.9604335614541714]]}