{"jaccard": [0.6210977121604869], "precision": [[0.946290679500472]], "recall": [[0.9911943721785925]], "fscore": [[0.9682221756013759]]}