{"jaccard": [0.5669364608388785], "precision": [[0.9702077801011747]], "recall": [[0.9470828132891974]], "fscore": [[0.9585058384169526]]}