{"jaccard": [0.6495562080253788], "precision": [[0.9671437225222145]], "recall": [[0.9810233946787096]], "fscore": [[0.9740341158967353]]}