{"jaccard": [0.5734734958622232], "precision": [[0.9634454728303052]], "recall": [[0.965165227933031]], "fscore": [[0.9643045836230858]]}