{"jaccard": [0.6737557765357722], "precision": [[0.9313312718445624]], "recall": [[0.9641406636948985]], "fscore": [[0.947452013105616]]}