{"jaccard": [0.6070542200322457], "precision": [[0.9864054296114311]], "recall": [[0.9575880126510085]], "fscore": [[0.9717831289703058]]}