{"jaccard": [0.5808575162109519], "precision": [[0.9584964803923175]], "recall": [[0.8897433427790761]], "fscore": [[0.922841128964415]]}