{"jaccard": [0.607978253718164], "precision": [[0.9875877775669007]], "recall": [[0.924825036730438]], "fscore": [[0.9551765140189394]]}