{"jaccard": [0.5658364779874214], "precision": [[0.9814295886257666]], "recall": [[0.8479012566167096]], "fscore": [[0.9097921063768062]]}