{"jaccard": [0.639653252743757], "precision": [[0.9318065212391415]], "recall": [[0.9734947553255395]], "fscore": [[0.9521945663522425]]}