{"jaccard": [0.6358029651653341], "precision": [[0.9180935467910659]], "recall": [[0.9723309987321104]], "fscore": [[0.944434219704664]]}