{"jaccard": [0.5253522315025732], "precision": [[0.9513798430826088]], "recall": [[0.9306308708922274]], "fscore": [[0.940890979358279]]}