{"jaccard": [0.6369213152298381], "precision": [[0.95597708579453]], "recall": [[0.9612317967624993]], "fscore": [[0.9585972401885322]]}