{"jaccard": [0.6556086311974962], "precision": [[0.9458680443687578]], "recall": [[0.9465269581738104]], "fscore": [[0.9461973865575478]]}