{"jaccard": [0.47061289326214534], "precision": [[0.9677192008879023]], "recall": [[0.8652611418194087]], "fscore": [[0.9136266234956959]]}