{"jaccard": [0.7611645926273773], "precision": [[0.9884892139947905]], "recall": [[0.98380038273821]], "fscore": [[0.986139224859803]]}