{"jaccard": [0.7068544127154323], "precision": [[0.94413680966946]], "recall": [[0.9797483589051764]], "fscore": [[0.9616129953753388]]}