{"jaccard": [0.7177157689811811], "precision": [[0.985942771044175]], "recall": [[0.9749738761813405]], "fscore": [[0.9804276449363637]]}