{"jaccard": [0.5783165968612807], "precision": [[0.9118712770953311]], "recall": [[0.8999882907409034]], "fscore": [[0.9058908169453986]]}