{"jaccard": [0.7042379133038988], "precision": [[0.9856062080606511]], "recall": [[0.9960177091025174]], "fscore": [[0.9907846074396734]]}