{"jaccard": [0.695919089338855], "precision": [[0.9835547514595456]], "recall": [[0.9730799384144556]], "fscore": [[0.9782893065635379]]}