{"jaccard": [0.7839305278082104], "precision": [[0.9910633013216295]], "recall": [[0.9881626622577128]], "fscore": [[0.9896108562852736]]}