{"jaccard": [0.6385769651197456], "precision": [[0.991016646877114]], "recall": [[0.9031384721503708]], "fscore": [[0.9450390322791649]]}