{"jaccard": [0.5864020787474553], "precision": [[0.9771543834443349]], "recall": [[0.9171263141855859]], "fscore": [[0.9461892307722539]]}