{"jaccard": [0.7364525346076162], "precision": [[0.9886714967780709]], "recall": [[0.9736078962596665]], "fscore": [[0.9810818780294672]]}