{"jaccard": [0.6797499177360974], "precision": [[0.9609368747411973]], "recall": [[0.9775536644766651]], "fscore": [[0.9691740498388249]]}