{"jaccard": [0.6657438410744683], "precision": [[0.9224249086671185]], "recall": [[0.9304732802788073]], "fscore": [[0.9264316147522782]]}