{"jaccard": [0.7550244518062786], "precision": [[0.9908700819059683]], "recall": [[0.9840078582684956]], "fscore": [[0.9874270478027473]]}