{"jaccard": [0.5943439231362648], "precision": [[0.9063057816713297]], "recall": [[0.9186685145262293]], "fscore": [[0.9124452743134993]]}