{"jaccard": [0.7134830153559796], "precision": [[0.986538123606694]], "recall": [[0.989839555554019]], "fscore": [[0.9881860821486628]]}