{"jaccard": [0.7471240282463383], "precision": [[0.9882000875869787]], "recall": [[0.9758502080221677]], "fscore": [[0.9819863199991942]]}