{"jaccard": [0.6513418389793225], "precision": [[0.9043981544184703]], "recall": [[0.8937698540172039]], "fscore": [[0.8990525942581199]]}