{"jaccard": [0.6074788298088813], "precision": [[0.9847064178425126]], "recall": [[0.9388282263863976]], "fscore": [[0.9612202021398815]]}