{"jaccard": [0.6557587882252072], "precision": [[0.9955280959426689]], "recall": [[0.9019027592793241]], "fscore": [[0.9464055401014727]]}