{"jaccard": [0.527728973314868], "precision": [[0.9976238699797461]], "recall": [[0.8704660755772604]], "fscore": [[0.9297172623500625]]}