{"jaccard": [0.7216252174802988], "precision": [[0.965851022528147]], "recall": [[0.9151724240782259]], "fscore": [[0.9398290310311996]]}