{"jaccard": [0.6709289785857341], "precision": [[0.9965349438421933]], "recall": [[0.9073448618604214]], "fscore": [[0.9498507818101345]]}