{"jaccard": [0.5878916741271263], "precision": [[0.9671053671854823]], "recall": [[0.8846322589976617]], "fscore": [[0.9240322101414609]]}