{"jaccard": [0.6833643988816402], "precision": [[0.9901210897396673]], "recall": [[0.8389579564701409]], "fscore": [[0.9082931301709272]]}