{"jaccard": [0.6337460603331833], "precision": [[0.9925382032984168]], "recall": [[0.9261413238843527]], "fscore": [[0.9581909147259363]]}