{"jaccard": [0.6423422424309637], "precision": [[0.9832205264085729]], "recall": [[0.8658418403349485]], "fscore": [[0.9208055773045529]]}