{"jaccard": [0.5957159947589298], "precision": [[0.9653317869118493]], "recall": [[0.8991684127530373]], "fscore": [[0.9310761680514584]]}