{"jaccard": [0.697025831975797], "precision": [[0.9849229852629365]], "recall": [[0.9766568201563858]], "fscore": [[0.9807724857569121]]}