{"jaccard": [0.7050783466232038], "precision": [[0.9720058005405049]], "recall": [[0.9932843863666981]], "fscore": [[0.98252989972349]]}