{"jaccard": [0.6786600989135401], "precision": [[0.9951754645422936]], "recall": [[0.9927122639189858]], "fscore": [[0.9939423381491552]]}