{"jaccard": [0.6663721341208203], "precision": [[0.9812466081806192]], "recall": [[0.957740500645451]], "fscore": [[0.9693510735556483]]}