{"jaccard": [0.7319496965966054], "precision": [[0.9766061505962312]], "recall": [[0.9434230810465103]], "fscore": [[0.9597278712013945]]}