{"jaccard": [0.737718556504187], "precision": [[0.99555471451427]], "recall": [[0.9850046637027757]], "fscore": [[0.9902515900842399]]}