{"jaccard": [0.7518626908170529], "precision": [[0.984815265013386]], "recall": [[0.9829913331393085]], "fscore": [[0.9839024537881252]]}