{"jaccard": [0.693194752850292], "precision": [[0.9846566316785533]], "recall": [[0.9768985504222865]], "fscore": [[0.9807622491866456]]}