{"jaccard": [0.6968756666602021], "precision": [[0.9215657280466423]], "recall": [[0.9608023644556423]], "fscore": [[0.9407751162329316]]}