{"jaccard": [0.642555662568693], "precision": [[0.983124083366765]], "recall": [[0.9734758202112557]], "fscore": [[0.9782761633328861]]}