{"jaccard": [0.6694011640603489], "precision": [[0.925667608308932]], "recall": [[0.9918228003037878]], "fscore": [[0.9576039966611434]]}