{"jaccard": [0.7239911436780094], "precision": [[0.9710587147480352]], "recall": [[0.9787381342280093]], "fscore": [[0.9748833015064715]]}