{"jaccard": [0.6554036716508432], "precision": [[0.9616666428275142]], "recall": [[0.9530174704986002]], "fscore": [[0.9573225212782241]]}