{"jaccard": [0.7572263282126688], "precision": [[0.9804147958092795]], "recall": [[0.9503695444012883]], "fscore": [[0.965158400565784]]}