{"jaccard": [0.6818019807021564], "precision": [[0.9177725896472476]], "recall": [[0.9943914816922785]], "fscore": [[0.9545470066661861]]}