{"jaccard": [0.7206311626467937], "precision": [[0.9954927832923326]], "recall": [[0.9834235177355104]], "fscore": [[0.9894213457306658]]}