{"jaccard": [0.6978898949560449], "precision": [[0.9959131327510258]], "recall": [[0.9743913123008346]], "fscore": [[0.9850346800931724]]}