{"jaccard": [0.7000183491048259], "precision": [[0.9957786531706021]], "recall": [[0.9742034649954594]], "fscore": [[0.9848729136591459]]}