{"jaccard": [0.6777504581197374], "precision": [[0.9820042848646828]], "recall": [[0.9585489872426142]], "fscore": [[0.9701348849885147]]}