{"jaccard": [0.6327823460312133], "precision": [[0.9691745361166335]], "recall": [[0.9845237385654831]], "fscore": [[0.9767888419467109]]}