{"jaccard": [0.6807994774000653], "precision": [[0.9472578440780483]], "recall": [[0.9945198787962052]], "fscore": [[0.970313692637066]]}