{"jaccard": [0.6167326565647544], "precision": [[0.9959733337788842]], "recall": [[0.9614919335326966]], "fscore": [[0.9784289330019926]]}