{"jaccard": [0.7239037330605983], "precision": [[0.9604169791510424]], "recall": [[0.9807017812562221]], "fscore": [[0.9704533915323466]]}