{"jaccard": [0.679555645120661], "precision": [[0.9455603536014423]], "recall": [[0.9945024907004928]], "fscore": [[0.969414088338597]]}