{"jaccard": [0.6695639969121878], "precision": [[0.9643173124677263]], "recall": [[0.9772643185461963]], "fscore": [[0.9707476483890514]]}