{"jaccard": [0.7390177282137824], "precision": [[0.9857951749771012]], "recall": [[0.9433524211044829]], "fscore": [[0.9641069111732579]]}