{"jaccard": [0.7546155422769483], "precision": [[0.9845591566274311]], "recall": [[0.9826427471205352]], "fscore": [[0.983600018409708]]}