{"jaccard": [0.6359073057816849], "precision": [[0.9562989097447848]], "recall": [[0.9959099374997887]], "fscore": [[0.9757025625401534]]}