{"jaccard": [0.7171095800524935], "precision": [[0.9953416149068323]], "recall": [[0.9920574811809723]], "fscore": [[0.9936968345641712]]}