{"jaccard": [0.7647726648477413], "precision": [[0.9835287823415328]], "recall": [[0.9878813502396466]], "fscore": [[0.9857002613930713]]}