{"jaccard": [0.5833829040509191], "precision": [[0.9551213656975194]], "recall": [[0.9694116429248251]], "fscore": [[0.962213449356459]]}