{"jaccard": [0.5771699879630868], "precision": [[0.9651583251664357]], "recall": [[0.7979158081481844]], "fscore": [[0.8736048819096341]]}