{"jaccard": [0.5794341894060995], "precision": [[0.9132040332851007]], "recall": [[0.9469269908886522]], "fscore": [[0.9297598245157452]]}