{"jaccard": [0.5945567340404243], "precision": [[0.9731653419213375]], "recall": [[0.7717109284792502]], "fscore": [[0.8608086915016933]]}