{"jaccard": [0.6236028173327208], "precision": [[0.9871836817126124]], "recall": [[0.8973919301479363]], "fscore": [[0.9401487146148845]]}