{"jaccard": [0.6009522180408257], "precision": [[0.982185285269974]], "recall": [[0.9283528430914252]], "fscore": [[0.9545106569581773]]}