{"jaccard": [0.5993727050183598], "precision": [[0.956170923313124]], "recall": [[0.9639161281576212]], "fscore": [[0.9600279045170437]]}