{"jaccard": [0.5776437822783441], "precision": [[0.9278212908361976]], "recall": [[0.9353389239974049]], "fscore": [[0.9315649410323174]]}