{"jaccard": [0.5711043126418632], "precision": [[0.9495966903182564]], "recall": [[0.9431617319602775]], "fscore": [[0.946368272424484]]}