{"jaccard": [0.6926969522714204], "precision": [[0.896877393006041]], "recall": [[0.9790099377728244]], "fscore": [[0.936145648312611]]}