{"jaccard": [0.6094113992856034], "precision": [[0.9770119883716556]], "recall": [[0.8824494391838439]], "fscore": [[0.9273262337556357]]}