{"jaccard": [0.596317044761218], "precision": [[0.9403796328988657]], "recall": [[0.9489732420659615]], "fscore": [[0.9446568937223528]]}