{"jaccard": [0.5540520032375557], "precision": [[0.9615927001244297]], "recall": [[0.9615483870967741]], "fscore": [[0.9615705431000714]]}