{"jaccard": [0.5857170731707317], "precision": [[0.9828773411678297]], "recall": [[0.8380203135090706]], "fscore": [[0.9046869553276221]]}