{"jaccard": [0.07067910018907704], "precision": [[0.9963833634719711]], "recall": [[0.9956772844842858]], "fscore": [[0.9960301988445043]]}