{"jaccard": [0.10658879254524357], "precision": [[0.9960705522563209]], "recall": [[0.9927872687318352]], "fscore": [[0.9944262004082719]]}