{"jaccard": [0.09754725601302121], "precision": [[0.994287484750489]], "recall": [[0.9372615592428308]], "fscore": [[0.9649327219424191]]}