{"jaccard": [0.10990526234259648], "precision": [[0.9956802575544552]], "recall": [[0.8664621604369104]], "fscore": [[0.9265878471267529]]}