{"jaccard": [0.09204153307627654], "precision": [[0.9963827863184211]], "recall": [[0.9955178400595259]], "fscore": [[0.9959501253954609]]}