{"jaccard": [0.10658475303345999], "precision": [[0.9960543854972007]], "recall": [[0.993177146097682]], "fscore": [[0.9946136849671231]]}