{"jaccard": [0.06183608743726131], "precision": [[0.9945736904978841]], "recall": [[0.9593195844074681]], "fscore": [[0.9766285924467906]]}