{"jaccard": [0.10871312347993474], "precision": [[0.9960516487034468]], "recall": [[0.9924859998582264]], "fscore": [[0.9942656274965823]]}