{"jaccard": [0.04155050236018199], "precision": [[0.9968105464597066]], "recall": [[0.9962103771914291]], "fscore": [[0.9965103714594442]]}