{"jaccard": [0.07645767350980544], "precision": [[0.995780889913136]], "recall": [[0.9957985427857257]], "fscore": [[0.9957897162711954]]}