{"jaccard": [0.6538281528998672], "precision": [[0.9893783568968424]], "recall": [[0.9641365065953152]], "fscore": [[0.9765943536404161]]}