{"jaccard": [0.05748780333131422], "precision": [[0.996418693709666]], "recall": [[0.9956772844842858]], "fscore": [[0.9960478511298183]]}