{"jaccard": [0.10658372171781516], "precision": [[0.9960708317035878]], "recall": [[0.9928581555256256]], "fscore": [[0.9944618989296554]]}