{"jaccard": [0.5842931605497018], "precision": [[0.9857191093808966]], "recall": [[0.9716120443243667]], "fscore": [[0.9786147399556322]]}