{"jaccard": [0.0865262705490491], "precision": [[0.9957482993197279]], "recall": [[0.9964367388182737]], "fscore": [[0.9960924001169621]]}