{"jaccard": [0.08451572812608864], "precision": [[0.996015271702869]], "recall": [[0.9523817962713547]], "fscore": [[0.9737099579649225]]}