{"jaccard": [0.1341670941754306], "precision": [[0.9812644165136751]], "recall": [[0.3858684585624109]], "fscore": [[0.5539168792517007]]}