{"jaccard": [0.07067910018907704], "precision": [[0.9964059346340427]], "recall": [[0.9970414201183432]], "fscore": [[0.9967235760838764]]}