{"jaccard": [0.0548982719155505], "precision": [[0.9950152063200706]], "recall": [[0.9947824835378359]], "fscore": [[0.9948988313195563]]}