{"jaccard": [0.08755050657991503], "precision": [[0.9957282379424641]], "recall": [[0.9958694534560087]], "fscore": [[0.9957988406927482]]}