{"jaccard": [0.05953884340707194], "precision": [[0.9953404572564613]], "recall": [[0.9386571361612374]], "fscore": [[0.9661681341213364]]}