{"jaccard": [0.05096204550219506], "precision": [[0.9953143415643775]], "recall": [[0.67619717209593]], "fscore": [[0.805293577234827]]}