{"jaccard": [0.00033532058809467827], "precision": [[0.9968113939522772]], "recall": [[0.996476004958385]], "fscore": [[0.9966436712391848]]}