{"jaccard": [0.05489858188544417], "precision": [[0.9950146680344834]], "recall": [[0.9946745349213775]], "fscore": [[0.9948445724054165]]}