{"jaccard": [0.00034353323481172847], "precision": [[0.9671056129592542]], "recall": [[0.996057171020207]], "fscore": [[0.98136791180332]]}