{"jaccard": [0.05490025578335771], "precision": [[0.9951567310635386]], "recall": [[0.9944226548163074]], "fscore": [[0.9947895575173457]]}