{"jaccard": [0.05489855088829729], "precision": [[0.9965646094503375], [0.9977496150657349]], "recall": [[0.9952449741182136], [0.9962746141564662]], "fscore": [[0.9959043546347045], [0.9970115690741781]]}