{"jaccard": [0.06766501568529307], "precision": [[0.9963427170646845]], "recall": [[0.8927287219909662]], "fscore": [[0.9416941488616298]]}