{"jaccard": [0.05331518847717785], "precision": [[0.9964928966296143], [0.9970354559468754]], "recall": [[0.9924812030075187], [0.9950295857988166]], "fscore": [[0.9944830040932551], [0.9960315109873837]]}