{"jaccard": [0.05331518847717785], "precision": [[0.9968073785030153]], "recall": [[0.9952187001947937]], "fscore": [[0.9960124058484714]]}