{"jaccard": [0.5455434235993907], "precision": [[0.9100937929108386]], "recall": [[0.8187261839956451]], "fscore": [[0.8619956133099671]]}