{"jaccard": [0.09720546288509638], "precision": [[0.9968921032056294]], "recall": [[0.9309639851778837]], "fscore": [[0.9628007513474227]]}