{"jaccard": [0.10815104248523257], "precision": [[0.9960659223817119]], "recall": [[0.9961012263415325]], "fscore": [[0.9960835740488047]]}