{"jaccard": [0.1342957553720618], "precision": [[0.9812846797705257]], "recall": [[0.3862942189148664]], "fscore": [[0.5543586542165314]]}