{"jaccard": [0.0051109260240781405], "precision": [[0.9964378754851401]], "recall": [[0.996102469616979]], "fscore": [[0.9962701443214941]]}