{"jaccard": [0.646884872771692], "precision": [[0.9622672093944743]], "recall": [[0.9925319065931004]], "fscore": [[0.9771652751232272]]}