{"jaccard": [0.09653053508926285], "precision": [[0.9944728201386356]], "recall": [[0.9951444791267364]], "fscore": [[0.9948085362626935]]}