{"jaccard": [0.15852804550785043], "precision": [[0.9963946009602319]], "recall": [[0.9898666282690474]], "fscore": [[0.9931198873178395]]}