{"jaccard": [0.0536392737721002], "precision": [[0.9968091895341417]], "recall": [[0.9957853727642997]], "fscore": [[0.9962970181251218]]}