{"jaccard": [0.001780883723796065], "precision": [[0.9963822089806342]], "recall": [[0.995358395634766]], "fscore": [[0.9958700391725899]]}