{"jaccard": [0.10669031574803887], "precision": [[0.9960846842058642]], "recall": [[0.9963847735166939]], "fscore": [[0.996234706262791]]}