{"jaccard": [0.10970566160369548], "precision": [[0.9954955753781766]], "recall": [[0.9953720121994468]], "fscore": [[0.995433789954338]]}