{"jaccard": [0.08421812735685058], "precision": [[0.9963829787234042]], "recall": [[0.9955709882011126]], "fscore": [[0.9959768179643053]]}