{"jaccard": [0.07414544174483158], "precision": [[0.9957448317435552]], "recall": [[0.9956212661100179]], "fscore": [[0.9956830450931204]]}