{"jaccard": [0.6049989569905702], "precision": [[0.9726273031672552]], "recall": [[0.9941462502337759]], "fscore": [[0.9832690546877167]]}