{"jaccard": [0.054703898290376536], "precision": [[0.9914894379445649]], "recall": [[0.9956100895973516]], "fscore": [[0.9935454912698056]]}