{"jaccard": [0.1273429404826621], "precision": [[0.9896480702068595]], "recall": [[0.9945643370111054]], "fscore": [[0.9921001131120167]]}