{"jaccard": [0.0707072996897029], "precision": [[0.9964517291066283]], "recall": [[0.9801048789993977]], "fscore": [[0.9882107068217137]]}