{"jaccard": [0.03654167267929662], "precision": [[0.978231472888771]], "recall": [[0.7205296461213968]], "fscore": [[0.829833893768486]]}