{"jaccard": [0.06376104393787789], "precision": [[0.9964517923243638]], "recall": [[0.920272783632982]], "fscore": [[0.9568484446654512]]}