{"jaccard": [0.05247701554513196], "precision": [[0.9964479544184202]], "recall": [[0.9942787233276961]], "fscore": [[0.9953621570022424]]}