{"jaccard": [0.062026944387251814], "precision": [[0.9954226101767085]], "recall": [[0.9131122568549332]], "fscore": [[0.9524925132927251]]}