{"jaccard": [0.061956112247534896], "precision": [[0.9954721862871928]], "recall": [[0.8415748769627373]], "fscore": [[0.9120772128857468]]}