{"jaccard": [0.11086580527011904], "precision": [[0.9955012398157987]], "recall": [[0.9966309667352294]], "fscore": [[0.9960657829446374]]}