{"jaccard": [0.08432444402102124], "precision": [[0.996386630532972]], "recall": [[0.9965808028912589]], "fscore": [[0.9964837072531288]]}