{"jaccard": [0.09581748782705607], "precision": [[0.9942707829284816]], "recall": [[0.9376813975138273]], "fscore": [[0.9651473019690365]]}