{"jaccard": [0.07216061733424259], "precision": [[0.996418503218028]], "recall": [[0.9956241363426992]], "fscore": [[0.9960211613955179]]}