{"jaccard": [0.09581429524663802], "precision": [[0.9936692506459949], [0.9956748429908757]], "recall": [[0.9383273348380406], [0.9957928419056649]], "fscore": [[0.9652056599629781], [0.9957338389524205]]}