{"jaccard": [0.06233345547041362], "precision": [[0.9964603117209355]], "recall": [[0.9274820653617926]], "fscore": [[0.9607346654189832]]}