{"jaccard": [0.07944205228600579], "precision": [[0.9957455860455222]], "recall": [[0.9957985427857257]], "fscore": [[0.995772063711543]]}