{"jaccard": [0.6362773521982895], "precision": [[0.9622230621096773]], "recall": [[0.9932192684240837]], "fscore": [[0.9774755009507095]]}