{"jaccard": [0.1155419892024075], "precision": [[0.9961036188307298]], "recall": [[0.9921847309846176]], "fscore": [[0.9941403128717794]]}