{"jaccard": [0.4376291869007596], "precision": [[0.9638770742227281]], "recall": [[0.937718548449763]], "fscore": [[0.9506178917827778]]}