{"jaccard": [0.006062066294861594], "precision": [[0.9965728274173806]], "recall": [[0.9373372770585006]], "fscore": [[0.9660478615628936]]}