{"jaccard": [0.07414435424137754], "precision": [[0.995726116795829]], "recall": [[0.995373078764027]], "fscore": [[0.9955495664816751]]}