{"jaccard": [0.06332590226644044], "precision": [[0.9964605137963845]], "recall": [[0.9275352050305553]], "fscore": [[0.9607632677400119]]}