{"jaccard": [0.014039933100262138], "precision": [[0.9961071847008579]], "recall": [[0.9341461685687956]], "fscore": [[0.9641322041958553]]}