{"jaccard": [0.04653760643289553], "precision": [[0.9968315690933967]], "recall": [[0.9807123501177805]], "fscore": [[0.98870626467516]]}