{"jaccard": [0.07251491418066817], "precision": [[0.9964158351644393]], "recall": [[0.9801048789993977]], "fscore": [[0.9881930551586168]]}