{"jaccard": [0.07410300835929796], "precision": [[0.9957463400801106]], "recall": [[0.9959758194614334]], "fscore": [[0.9958610665508592]]}