{"jaccard": [0.0494172777587801], "precision": [[0.99680817108203]], "recall": [[0.9954666194439525]], "fscore": [[0.9961369435781117]]}