{"jaccard": [0.1370644439072075], "precision": [[0.9964508026646282]], "recall": [[0.9853849061358195]], "fscore": [[0.9908869602990017]]}