{"jaccard": [0.10932258973081249], "precision": [[0.995519903669075]], "recall": [[0.9968614795375559]], "fscore": [[0.9961902399262856]]}