{"jaccard": [0.10658475303345999], "precision": [[0.9961986220004752], [0.996502252786341]], "recall": [[0.9932488451972048], [0.995145343674146]], "fscore": [[0.9947215467647234], [0.9958233359992891]]}