{"jaccard": [0.06344230090306599], "precision": [[0.9944093907853817]], "recall": [[0.9952502608758231]], "fscore": [[0.9948296481463165]]}