{"jaccard": [0.04571201680989386], "precision": [[0.9966044762495893]], "recall": [[0.9668975044721135]], "fscore": [[0.981526263270975]]}