{"jaccard": [0.0013897831693898272], "precision": [[0.9966505989934076]], "recall": [[0.9960680823931564]], "fscore": [[0.9963592555519137]]}