{"jaccard": [0.06079172311561758], "precision": [[0.9928371155699641]], "recall": [[0.8851847511913131]], "fscore": [[0.9359254976459898]]}