{"jaccard": [0.07068755767721067], "precision": [[0.9963837481386939]], "recall": [[0.9957835807674592]], "fscore": [[0.9960835740488047]]}