{"jaccard": [0.057708849489177705], "precision": [[0.9969192621257091]], "recall": [[0.9687311757296971]], "fscore": [[0.9826231056222632]]}