{"jaccard": [0.06454866223833447], "precision": [[0.9952665490803067]], "recall": [[0.994908423590371]], "fscore": [[0.9950874541135823]]}