{"jaccard": [0.04662926158254328], "precision": [[0.9966520229575568]], "recall": [[0.9964931545668692]], "fscore": [[0.996572582430721]]}