{"jaccard": [0.05413319323008296], "precision": [[0.996828883731642]], "recall": [[0.9964228794049939]], "fscore": [[0.9966258402189219]]}