{"jaccard": [0.04755731309971295], "precision": [[0.9969060773480662]], "recall": [[0.9587502878092843]], "fscore": [[0.9774559637417503]]}