{"jaccard": [0.09582042854988232], "precision": [[0.9942925687310156]], "recall": [[0.9381012357848237]], "fscore": [[0.9653799192260731]]}