{"jaccard": [0.008554460715311189], "precision": [[0.9965454319981576]], "recall": [[0.9964042157470552]], "fscore": [[0.996474818869462]]}