{"jaccard": [0.06195669095211408], "precision": [[0.995084976609226], [0.9959118378954852]], "recall": [[0.9962648959506729], [0.9957348498311711]], "fscore": [[0.9956745867156485], [0.9958233359992891]]}