{"jaccard": [0.07454873745879417], "precision": [[0.995746792372581]], "recall": [[0.9960821854668581]], "fscore": [[0.995914460682223]]}