{"jaccard": [0.0027168719441238876], "precision": [[0.9806713599205575]], "recall": [[0.995392285678288]], "fscore": [[0.9879769901386309]]}