{"jaccard": [0.06606049874208464], "precision": [[0.9953422292558357]], "recall": [[0.9957720125220395]], "fscore": [[0.995557074504443]]}