{"jaccard": [0.06352348564711892], "precision": [[0.9965045592705167]], "recall": [[0.929164821539279]], "fscore": [[0.9616572711856639]]}