{"jaccard": [0.47793613691737813], "precision": [[0.9687653713723561]], "recall": [[0.779639770403114]], "fscore": [[0.8639736794004752]]}