{"jaccard": [0.010416101520198787], "precision": [[0.9967630556754424]], "recall": [[0.9815477244554631]], "fscore": [[0.9890968789592962]]}