{"jaccard": [0.05598330716390954], "precision": [[0.9842064485368616]], "recall": [[0.9675415983126319]], "fscore": [[0.9758028776553314]]}