{"jaccard": [0.06467519438174066], "precision": [[0.995233212814563]], "recall": [[0.9954301752365874]], "fscore": [[0.9953316842815381]]}