{"jaccard": [0.061140864678149935], "precision": [[0.9954233409610984]], "recall": [[0.9684790250761659]], "fscore": [[0.9817663479242145]]}