{"jaccard": [0.0967076986180625], "precision": [[0.9944725176496343]], "recall": [[0.9950897176131281]], "fscore": [[0.9947810218978103]]}