{"jaccard": [0.6536973697635937], "precision": [[0.989354527938343]], "recall": [[0.9641365065953152]], "fscore": [[0.9765827449302238]]}