{"jaccard": [0.06463234429997361], "precision": [[0.9928581470546886]], "recall": [[0.6445612690068087]], "fscore": [[0.781666445300394]]}