{"jaccard": [0.09003064017320768], "precision": [[0.9962132299136544]], "recall": [[0.9940492488545717]], "fscore": [[0.9951300629528449]]}