{"jaccard": [0.10300096304196998], "precision": [[0.9956164877784793]], "recall": [[0.9786509681537697]], "fscore": [[0.987060832863875]]}