{"jaccard": [0.052896018645923325], "precision": [[0.9968471580140638]], "recall": [[0.9966176731007614]], "fscore": [[0.9967324023484198]]}