{"jaccard": [0.14261043093684267], "precision": [[0.9963958416343681]], "recall": [[0.9902086070663619]], "fscore": [[0.9932925893493901]]}