{"jaccard": [0.046535128499910684], "precision": [[0.9968306561982281]], "recall": [[0.9804289686686385]], "fscore": [[0.9885617851115694]]}