{"jaccard": [0.004658571313318084], "precision": [[0.9955080024759041]], "recall": [[0.9981381658273636]], "fscore": [[0.9968213492000246]]}