{"jaccard": [0.0004493110117411003], "precision": [[0.982484651498736]], "recall": [[0.8810226332265841]], "fscore": [[0.9289915009864926]]}