{"jaccard": [0.11086332384461839], "precision": [[0.9955013991711239]], "recall": [[0.9966664302432796]], "fscore": [[0.9960835740488047]]}