{"jaccard": [0.0706832005366256], "precision": [[0.99786337468099], [0.9962109999407969]], "recall": [[0.9940286153482323], [0.9965059812862727]], "fscore": [[0.9959423037052395], [0.9963584687805311]]}