{"jaccard": [0.0008078593324250681], "precision": [[0.9954957351350393]], "recall": [[0.995407475707497]], "fscore": [[0.9954516034649383]]}