{"jaccard": [0.06263083623295938], "precision": [[0.9957932803188251]], "recall": [[0.9570004964891127]], "fscore": [[0.9760115737601157]]}