{"jaccard": [0.10789409003694718], "precision": [[0.9955182370551452]], "recall": [[0.9964891127030285]], "fscore": [[0.996003438283694]]}