{"jaccard": [0.06561071813636755], "precision": [[0.9964021764174185]], "recall": [[0.9959961733338057]], "fscore": [[0.996199133508758]]}