{"jaccard": [0.4375914708301961], "precision": [[0.9638855042646266]], "recall": [[0.9374271505167456]], "fscore": [[0.9504722323442225]]}