{"jaccard": [0.07987812294985533], "precision": [[0.9958372800239295]], "recall": [[0.7077738015094073]], "fscore": [[0.8274512240586556]]}