{"jaccard": [0.04991367909470543], "precision": [[0.9968277035409209]], "recall": [[0.9960510005312555]], "fscore": [[0.9964392006802721]]}