{"jaccard": [0.0005766962066205075], "precision": [[0.9960650158640126]], "recall": [[0.995870844261714]], "fscore": [[0.9959679205990518]]}