{"jaccard": [0.04761390014109508], "precision": [[0.9968586199468658]], "recall": [[0.9835638759497707]], "fscore": [[0.9901666235769241]]}