{"jaccard": [0.05484750394896617], "precision": [[0.9953732041911209]], "recall": [[0.9947285092296068]], "fscore": [[0.9950507522856527]]}