{"jaccard": [0.14296491107406545], "precision": [[0.9964501756800811]], "recall": [[0.9902626037185694]], "fscore": [[0.9933467541729483]]}