{"jaccard": [0.11086332384461839], "precision": [[0.9968585146108707], [0.997036510194405]], "recall": [[0.9953246138367757], [0.9953846153846154]], "fscore": [[0.9960909737029139], [0.9962098780054485]]}