{"jaccard": [0.1088180340790767], "precision": [[0.9960700631279452]], "recall": [[0.9926632168427022]], "fscore": [[0.9943637218962748]]}