{"jaccard": [0.06327215167738905], "precision": [[0.998244117794612]], "recall": [[0.7772049058667292]], "fscore": [[0.8739650818052047]]}