{"jaccard": [0.059652390379854155], "precision": [[0.9962330121334471]], "recall": [[0.8478965547781419]], "fscore": [[0.91609890530506]]}