{"jaccard": [0.0227131215306484], "precision": [[0.9971202604286221]], "recall": [[0.8722231349141157]], "fscore": [[0.9304992989562237]]}