{"jaccard": [0.21658548284514256], "precision": [[0.9843533327170195]], "recall": [[0.7651032029748325]], "fscore": [[0.8609895385859402]]}