{"jaccard": [0.06164521811081371], "precision": [[0.9954209802360096]], "recall": [[0.9895109927674427]], "fscore": [[0.9924571882274393]]}