{"jaccard": [0.1134662912047973], "precision": [[0.9928147851711718]], "recall": [[0.99627621707464]], "fscore": [[0.9945424893173102]]}