{"jaccard": [0.1074920240185015], "precision": [[0.9955497242956686]], "recall": [[0.9956379885098234]], "fscore": [[0.9955938544464836]]}