{"jaccard": [0.07798266011836054], "precision": [[0.9957464908549554]], "recall": [[0.996011274796575]], "fscore": [[0.9958788652255989]]}