{"jaccard": [0.14263161147782616], "precision": [[0.9964177808333182]], "recall": [[0.9912885401105131]], "fscore": [[0.9938465425147972]]}