{"jaccard": [0.667937578657668], "precision": [[0.9512296881862099]], "recall": [[0.9452724376459293]], "fscore": [[0.9482417065242373]]}