{"jaccard": [0.0521161178729074], "precision": [[0.9966114529105538]], "recall": [[0.9324312357202317]], "fscore": [[0.9634536903171494]]}