{"jaccard": [0.05379451343027328], "precision": [[0.9968468787642599]], "recall": [[0.9965291305117762]], "fscore": [[0.9966879793131543]]}