{"jaccard": [0.15912011027413778], "precision": [[0.9963728690605731], [0.996440225452388]], "recall": [[0.9919354838709677], [0.9943753700414446]], "fscore": [[0.9941492249230954], [0.9954067269225071]]}