{"jaccard": [0.11081817293441261], "precision": [[0.9955366631243359]], "recall": [[0.9966664302432796]], "fscore": [[0.9961012263415326]]}