{"jaccard": [0.06574990636203114], "precision": [[0.9965256124721603]], "recall": [[0.990700557966522]], "fscore": [[0.9936045478770652]]}