{"jaccard": [0.04734494020938511], "precision": [[0.9969068178889032]], "recall": [[0.9589805352367121]], "fscore": [[0.9775759654792641]]}