{"jaccard": [0.011716710607784385], "precision": [[0.99644128113879]], "recall": [[0.9373837569745815]], "fscore": [[0.9660107334525939]]}