{"jaccard": [0.0005552763966472254], "precision": [[0.9957824599953926]], "recall": [[0.996170823804712]], "fscore": [[0.9959766040411201]]}