{"jaccard": [0.095818496054548], "precision": [[0.9942913538199551]], "recall": [[0.9379004435682602]], "fscore": [[0.9652730159028359]]}