{"jaccard": [0.0772127875557212], "precision": [[0.9963847094476048]], "recall": [[0.9960493214753924]], "fscore": [[0.9962169872334392]]}