{"jaccard": [0.06567267081390057], "precision": [[0.995729498891832]], "recall": [[0.9942067575833903]], "fscore": [[0.9949675456206843]]}