{"jaccard": [0.015767386905327776], "precision": [[0.9953359964863112]], "recall": [[0.8565668928526431]], "fscore": [[0.9207522346476802]]}