{"jaccard": [0.09581429524663802], "precision": [[0.9942657884540875]], "recall": [[0.9368599748097037]], "fscore": [[0.9647096416454424]]}