{"jaccard": [0.10512671514278317], "precision": [[0.9896785662458278]], "recall": [[0.9959111403172517]], "fscore": [[0.9927850715578969]]}