{"jaccard": [0.10910691230683386], "precision": [[0.9960819770946353]], "recall": [[0.9956936272772382]], "fscore": [[0.9958877643263555]]}