{"jaccard": [0.0715134343914017], "precision": [[0.9957440017023993]], "recall": [[0.9954262617667393]], "fscore": [[0.9955851063829787]]}