{"jaccard": [0.056321706838475455], "precision": [[0.9956622773044151]], "recall": [[0.8094167176424022]], "fscore": [[0.8929312175613048]]}