{"jaccard": [0.04674684979196982], "precision": [[0.9968304278922345]], "recall": [[0.9803581233063531]], "fscore": [[0.9885256587700578]]}