{"jaccard": [0.015551982137766844], "precision": [[0.995753979533826]], "recall": [[0.99361803967452]], "fscore": [[0.994684862951099]]}