{"jaccard": [0.6177343134934938], "precision": [[0.9346426835196888]], "recall": [[0.9625312906778812]], "fscore": [[0.9483820047355958]]}