{"jaccard": [0.054452969461578724], "precision": [[0.9968104334266576]], "recall": [[0.996174960155835]], "fscore": [[0.9964925954793452]]}