{"jaccard": [0.15912011027413778], "precision": [[0.9964327104157613]], "recall": [[0.9904245936751921]], "fscore": [[0.9934195679842576]]}