{"jaccard": [0.10852479803497803], "precision": [[0.9955021161304032]], "recall": [[0.9968260160295056]], "fscore": [[0.9961636262149254]]}