{"jaccard": [0.054494265827540064], "precision": [[0.9964932678243258]], "recall": [[0.9412629527942609]], "fscore": [[0.9680910175713464]]}