{"jaccard": [0.07414435424137754], "precision": [[0.9985205349745532], [0.9960319810482677]], "recall": [[0.9969276218611521], [0.9961499733459693]], "fscore": [[0.9977234426277976], [0.996090973702914]]}