{"jaccard": [0.14777669611375877], "precision": [[0.9963325419344876]], "recall": [[0.9290483989992621]], "fscore": [[0.961514818471397]]}