{"jaccard": [0.0548998837972222], "precision": [[0.9951564694443444]], "recall": [[0.9943686805080781]], "fscore": [[0.9947624190064795]]}