{"jaccard": [0.004356901504517746], "precision": [[0.9209543810523859]], "recall": [[0.9249472697445512]], "fscore": [[0.9229465068693363]]}