{"jaccard": [0.06358821643821529], "precision": [[0.9965467523451824]], "recall": [[0.9916747852271721]], "fscore": [[0.9941047996164569]]}