{"jaccard": [0.04893530046135738], "precision": [[0.9967831867896204]], "recall": [[0.9055454207328952]], "fscore": [[0.9489763721068359]]}