{"jaccard": [0.11086332384461839], "precision": [[0.9955024347056219]], "recall": [[0.996896943045606]], "fscore": [[0.9961992008576163]]}