{"jaccard": [0.06376104393787789], "precision": [[0.9979598342365317], [0.9953827028946901]], "recall": [[0.9252822604480699], [0.9966216216216216]], "fscore": [[0.9602478375559782], [0.9960017769880053]]}