{"jaccard": [0.06144751803384991], "precision": [[0.9953824368419972]], "recall": [[0.9472306851027263]], "fscore": [[0.9707097897549309]]}