{"jaccard": [0.11341669379071226], "precision": [[0.99613063542776]], "recall": [[0.9945771602750407]], "fscore": [[0.9953532917139615]]}