{"jaccard": [0.15972777642194896], "precision": [[0.996165719566628]], "recall": [[0.9118594647131878]], "fscore": [[0.9521500526236657]]}