{"jaccard": [0.053313930746852846], "precision": [[0.9968073785030153]], "recall": [[0.9952187001947937]], "fscore": [[0.9960124058484714]]}