{"jaccard": [0.0702825329231583], "precision": [[0.9957286921999894]], "recall": [[0.9959758194614334]], "fscore": [[0.9958522404991491]]}