{"jaccard": [0.04653760643289553], "precision": [[0.9972287487198024], [0.9958530805687204]], "recall": [[0.9795254157050713], [0.9959120800995319]], "fscore": [[0.9882978088244074], [0.995882579460292]]}