{"jaccard": [0.052432252092648055], "precision": [[0.9966692061017309]], "recall": [[0.9963514638422982]], "fscore": [[0.996510309643591]]}