{"jaccard": [0.050938058454750246], "precision": [[0.9968454258675079]], "recall": [[0.9960687090490526]], "fscore": [[0.9964569160997734]]}