{"jaccard": [0.06195789662137706], "precision": [[0.995513413506013]], "recall": [[0.8406765096476838]], "fscore": [[0.9115666426665539]]}