{"jaccard": [0.08034359222358775], "precision": [[0.9960096667228685]], "recall": [[0.9421918196639966]], "fscore": [[0.9683535658018159]]}