{"jaccard": [0.5842919187127456], "precision": [[0.9857179746936019]], "recall": [[0.9715337327225029]], "fscore": [[0.978574456966506]]}