{"jaccard": [0.5965057989499599], "precision": [[0.9873791199553089]], "recall": [[0.8770535241123476]], "fscore": [[0.9289521287316909]]}