{"jaccard": [0.6593667599283428], "precision": [[0.992318948080953]], "recall": [[0.981875789600337]], "fscore": [[0.987069747563734]]}