{"jaccard": [0.6469499386452029], "precision": [[0.9850190579122067]], "recall": [[0.950701977117996]], "fscore": [[0.9675563254303626]]}