{"jaccard": [0.6319329714420581], "precision": [[0.9893782989178974]], "recall": [[0.9149138291612611]], "fscore": [[0.9506901536846565]]}