{"jaccard": [0.6685320897179658], "precision": [[0.9480330023832679]], "recall": [[0.9734541922952412]], "fscore": [[0.9605754367347159]]}