{"jaccard": [0.612468491851556], "precision": [[0.9874509865244706]], "recall": [[0.9111690691600652]], "fscore": [[0.9477776172634984]]}