{"jaccard": [0.628059270769743], "precision": [[0.9773403612384005]], "recall": [[0.8280884383284611]], "fscore": [[0.8965451904250616]]}