{"jaccard": [0.6039313209344163], "precision": [[0.9650444580194122]], "recall": [[0.9598109810981098]], "fscore": [[0.9624206049255971]]}