{"jaccard": [0.5889973895388185], "precision": [[0.9908171568057654]], "recall": [[0.9531510439416441]], "fscore": [[0.9716191931551228]]}