{"jaccard": [0.6250407254561251], "precision": [[0.9787994930563266]], "recall": [[0.9634861527792435]], "fscore": [[0.9710824563102923]]}