{"jaccard": [0.6011833304750471], "precision": [[0.98772336308505]], "recall": [[0.9372664202503599]], "fscore": [[0.9618336146307401]]}