{"jaccard": [0.6132730788964755], "precision": [[0.9438750337457295]], "recall": [[0.919926508948216]], "fscore": [[0.9317469105879705]]}