{"jaccard": [0.6723979339135358], "precision": [[0.9902063489505267]], "recall": [[0.9252679400617454]], "fscore": [[0.9566363735448143]]}