{"jaccard": [0.6536986761454281], "precision": [[0.9772836186884246]], "recall": [[0.9785442761886957]], "fscore": [[0.9779135411509372]]}