{"jaccard": [0.6835518370061788], "precision": [[0.975849155037171]], "recall": [[0.9840447918232377]], "fscore": [[0.9799298376911924]]}