{"jaccard": [0.6182931059563374], "precision": [[0.9927606177606177]], "recall": [[0.9712221723836729]], "fscore": [[0.9818732920440578]]}