{"jaccard": [0.6057646116893515], "precision": [[0.9736320044661104]], "recall": [[0.869471547610569]], "fscore": [[0.918608533712066]]}