{"jaccard": [0.6359147464152206], "precision": [[0.9893762369916363]], "recall": [[0.9552064006706403]], "fscore": [[0.9719911058981443]]}