{"jaccard": [0.622817481834942], "precision": [[0.9480227074595515]], "recall": [[0.8786047369726889]], "fscore": [[0.9119946643422217]]}