{"jaccard": [0.6318657145757893], "precision": [[0.9909045059485153]], "recall": [[0.9688686382857992]], "fscore": [[0.9797626854660217]]}