{"jaccard": [0.6851140148603638], "precision": [[0.9874468736540029]], "recall": [[0.9553604153173372]], "fscore": [[0.9711386823315659]]}