{"jaccard": [0.617856001573216], "precision": [[0.971902597589391]], "recall": [[0.964009686819007]], "fscore": [[0.967940052105249]]}