{"jaccard": [0.63813113778395], "precision": [[0.98550181461562]], "recall": [[0.8715404757432799]], "fscore": [[0.925024405545409]]}