{"jaccard": [0.6656804212676776], "precision": [[0.9843152330610283]], "recall": [[0.9535451867465617]], "fscore": [[0.9686859209600411]]}