{"jaccard": [0.5788892695367516], "precision": [[0.9963132691809129]], "recall": [[0.8872008148022407]], "fscore": [[0.9385965857460463]]}