{"jaccard": [0.5969784344729534], "precision": [[0.9856140488416761]], "recall": [[0.9438190437938943]], "fscore": [[0.964263868675422]]}