{"jaccard": [0.5776202260718346], "precision": [[0.9950364902096872]], "recall": [[0.8046955170908431]], "fscore": [[0.8898007033997655]]}