{"jaccard": [0.5936481868990544], "precision": [[0.9784199594242102]], "recall": [[0.908235900770119]], "fscore": [[0.9420224980379618]]}