{"jaccard": [0.555463045984373], "precision": [[0.9356058769335208]], "recall": [[0.8195393371600549]], "fscore": [[0.873734907024359]]}