{"jaccard": [0.750482248057974], "precision": [[0.9756567310177747]], "recall": [[0.9591573366816644]], "fscore": [[0.9673366834170855]]}