{"jaccard": [0.6235154394299287], "precision": [[0.9971432266917103]], "recall": [[0.8929416741365939]], "fscore": [[0.9421701023121863]]}