{"jaccard": [0.6962748661055853], "precision": [[0.9630586195820995]], "recall": [[0.9518845647040405]], "fscore": [[0.9574389907835512]]}