{"jaccard": [0.5024712232555115], "precision": [[0.9892239256132587]], "recall": [[0.7608780550358182]], "fscore": [[0.8601541908276226]]}