{"jaccard": [0.6968949044585987], "precision": [[0.9596279152374927]], "recall": [[0.9244555657144079]], "fscore": [[0.9417134391603555]]}