{"jaccard": [0.6139078231505222], "precision": [[0.997908646293943]], "recall": [[0.9151948325613999]], "fscore": [[0.9547636565932094]]}