{"jaccard": [0.6427987427097149], "precision": [[0.9970979252612243]], "recall": [[0.9411574523116715]], "fscore": [[0.9683204327999487]]}