{"jaccard": [0.5977485476928633], "precision": [[0.9642282572494651]], "recall": [[0.8838696657818346]], "fscore": [[0.9223018941275567]]}