{"jaccard": [0.6542402715785504], "precision": [[0.967376646824837]], "recall": [[0.9210277512167345]], "fscore": [[0.9436334066248565]]}