{"jaccard": [0.6519738169016667], "precision": [[0.9875048235056321]], "recall": [[0.9644865918398846]], "fscore": [[0.9758599901217351]]}