{"jaccard": [0.6327359020795603], "precision": [[0.9779747218472138]], "recall": [[0.9094219759526412]], "fscore": [[0.9424533856722276]]}