{"jaccard": [0.6205049492544794], "precision": [[0.9824524294643782]], "recall": [[0.9429524361948955]], "fscore": [[0.962297258443689]]}