{"jaccard": [0.6886943382810417], "precision": [[0.9406934402870863]], "recall": [[0.9236142056229727]], "fscore": [[0.9320755900900429]]}