{"jaccard": [0.6751154548383632], "precision": [[0.9190975848474742]], "recall": [[0.932652347846351]], "fscore": [[0.925825356084557]]}