{"jaccard": [0.6342277054036177], "precision": [[0.9044299170383869]], "recall": [[0.9332742937111869]], "fscore": [[0.9186257365008474]]}