{"jaccard": [0.6643163322358203], "precision": [[0.9680619287647062]], "recall": [[0.9577931063847906]], "fscore": [[0.9629001404588321]]}