{"jaccard": [0.6012727148982508], "precision": [[0.9417287979392813]], "recall": [[0.8280825511959561]], "fscore": [[0.8812568479836002]]}