{"jaccard": [0.6790710223735005], "precision": [[0.978640747174717]], "recall": [[0.9650059223053511]], "fscore": [[0.971775510088533]]}