{"jaccard": [0.6309821520331609], "precision": [[0.9424662110637433]], "recall": [[0.8660869217010598]], "fscore": [[0.902663731310581]]}