{"jaccard": [0.6269175221515282], "precision": [[0.9760912399452931]], "recall": [[0.9218879309212399]], "fscore": [[0.9482156046767191]]}