{"jaccard": [0.6318969629511846], "precision": [[0.9443997441769305]], "recall": [[0.9183116674691061]], "fscore": [[0.931173018439976]]}