{"jaccard": [0.6346771582957743], "precision": [[0.9716898064106898]], "recall": [[0.9561248624410755]], "fscore": [[0.9638444996823019]]}