{"jaccard": [0.6221573417545532], "precision": [[0.9880284306676768]], "recall": [[0.8714192694479791]], "fscore": [[0.9260674695961683]]}