{"jaccard": [0.627975073203694], "precision": [[0.9602388188537414]], "recall": [[0.838320720947028]], "fscore": [[0.8951475679164466]]}