{"jaccard": [0.6818923327895595], "precision": [[0.9865394860997888]], "recall": [[0.8675419681865905]], "fscore": [[0.9232220143145906]]}