{"jaccard": [0.730020481996899], "precision": [[0.9960570140052546]], "recall": [[0.9341839249058024]], "fscore": [[0.9641288110885506]]}