{"jaccard": [0.6138386279247952], "precision": [[0.9885581638784965]], "recall": [[0.8486022131624927]], "fscore": [[0.9132492254794864]]}