{"jaccard": [0.6306758806674533], "precision": [[0.9852483708116045]], "recall": [[0.8448832031985254]], "fscore": [[0.9096830100072679]]}