{"jaccard": [0.6308120045746737], "precision": [[0.9858483950294066]], "recall": [[0.9197897583529617]], "fscore": [[0.9516741207424891]]}