{"jaccard": [0.6779239919991578], "precision": [[0.9496289363874376]], "recall": [[0.9628816337414027]], "fscore": [[0.9562093679359349]]}