{"jaccard": [0.6736638031888225], "precision": [[0.9525974114348708]], "recall": [[0.8794376142581622]], "fscore": [[0.9145567449441909]]}