{"jaccard": [0.6266066418738174], "precision": [[0.7965133400082455]], "recall": [[0.8476658476658476]], "fscore": [[0.8212938840204778]]}