{"jaccard": [0.7131689832027303], "precision": [[0.9941536890477406]], "recall": [[0.9107976096269818]], "fscore": [[0.9506519187303809]]}