{"jaccard": [0.6879017973269252], "precision": [[0.9561163407281696]], "recall": [[0.9918889109629863]], "fscore": [[0.9736741675983288]]}