{"jaccard": [0.7718632030558636], "precision": [[0.9819743406292794]], "recall": [[0.9943875660985388]], "fscore": [[0.9881419705829654]]}