{"jaccard": [0.620188541173432], "precision": [[0.99314880601314]], "recall": [[0.9758357423467496]], "fscore": [[0.9844161582516187]]}