{"jaccard": [0.744049295377995], "precision": [[0.9962284777261546]], "recall": [[0.9719010688325496]], "fscore": [[0.9839144216867672]]}