{"jaccard": [0.5949291990821067], "precision": [[0.9799708316307377]], "recall": [[0.9826968178668515]], "fscore": [[0.9813319316618623]]}