{"jaccard": [0.5142066696575445], "precision": [[0.9850384494738743]], "recall": [[0.8362977548945236]], "fscore": [[0.9045945957742114]]}