{"jaccard": [0.6086009798584648], "precision": [[0.9930545728975049]], "recall": [[0.8793555325836127]], "fscore": [[0.9327529586372271]]}