{"jaccard": [0.6138609050565256], "precision": [[0.9888355085289713]], "recall": [[0.9007235695151163]], "fscore": [[0.9427251672146226]]}