{"jaccard": [0.6331008167888869], "precision": [[0.9496286017467962]], "recall": [[0.9172323533353832]], "fscore": [[0.9331493861967459]]}