{"jaccard": [0.6148222977316558], "precision": [[0.9935867692661078]], "recall": [[0.8787078530713069]], "fscore": [[0.9326229819235546]]}