{"jaccard": [0.6895049434525926], "precision": [[0.9899779694559576]], "recall": [[0.9643119539678037]], "fscore": [[0.9769764236809718]]}