{"jaccard": [0.7197960889462665], "precision": [[0.9916433629331632]], "recall": [[0.9958384927920856]], "fscore": [[0.993736500372008]]}