{"jaccard": [0.6615741897858869], "precision": [[0.9671338715918855]], "recall": [[0.9881950843567276]], "fscore": [[0.9775510508494802]]}