{"jaccard": [0.7124637378145989], "precision": [[0.9969082220436407]], "recall": [[0.9615461989964972]], "fscore": [[0.9789079606410437]]}