{"jaccard": [0.7097188103175995], "precision": [[0.9951449308619796]], "recall": [[0.9883312442006219]], "fscore": [[0.9917263842584046]]}