{"jaccard": [0.7065553297773263], "precision": [[0.9757315031804487]], "recall": [[0.9916065024938928]], "fscore": [[0.9836049529376428]]}