{"jaccard": [0.6286942675159236], "precision": [[0.9362080857200582]], "recall": [[0.9820982240736681]], "fscore": [[0.9586042579904197]]}