{"jaccard": [0.7216151293408684], "precision": [[0.9721166537091612]], "recall": [[0.9778946640912878]], "fscore": [[0.9749970985899147]]}