{"jaccard": [0.6013223244409983], "precision": [[0.9868924540274457]], "recall": [[0.9961505366604774]], "fscore": [[0.9914998840893285]]}