{"jaccard": [0.6767022931406493], "precision": [[0.9567615052259811]], "recall": [[0.9588621695821535]], "fscore": [[0.9578106856144972]]}