{"jaccard": [0.7675820144638926], "precision": [[0.8567338257292446]], "recall": [[0.9835975392954657]], "fscore": [[0.9157929912335766]]}