{"jaccard": [0.717325685426892], "precision": [[0.9827451416533916]], "recall": [[0.9957609001872628]], "fscore": [[0.9892102083216721]]}