{"jaccard": [0.6560556844547564], "precision": [[0.9626421507039077]], "recall": [[0.9273594128235367]], "fscore": [[0.9446714509270822]]}