{"jaccard": [0.6570611470195957], "precision": [[0.9150502685679861]], "recall": [[0.9593510079043909]], "fscore": [[0.9366771229328257]]}