{"jaccard": [0.7012202665467019], "precision": [[0.9593909459101652]], "recall": [[0.991671143638139]], "fscore": [[0.9752640078687304]]}