{"jaccard": [0.6595170028272235], "precision": [[0.9707955150255217]], "recall": [[0.9660851266520215]], "fscore": [[0.9684345931346087]]}