{"jaccard": [0.6636778886821181], "precision": [[0.9830593682044567]], "recall": [[0.9778500517504041]], "fscore": [[0.9804477904895536]]}