{"jaccard": [0.5130816114166791], "precision": [[0.9790522721349277]], "recall": [[0.8124511992609781]], "fscore": [[0.888005192661359]]}