{"jaccard": [0.6124516446173246], "precision": [[0.9668543268028681]], "recall": [[0.9040233785822022]], "fscore": [[0.934383805630147]]}