{"jaccard": [0.6328930759520951], "precision": [[0.9628967302016546]], "recall": [[0.9115755184437512]], "fscore": [[0.9365335621006686]]}