{"jaccard": [0.5005707762557078], "precision": [[0.9528597483982603]], "recall": [[0.9112027628015603]], "fscore": [[0.9315657925484897]]}