{"jaccard": [0.6387098343509037], "precision": [[0.9643269578556083]], "recall": [[0.9491715171765958]], "fscore": [[0.9566892198612222]]}