{"jaccard": [0.6164774044032445], "precision": [[0.9223995361745808]], "recall": [[0.8826672608869648]], "fscore": [[0.9020961145194274]]}