{"jaccard": [0.6423300399617544], "precision": [[0.9353783441235912]], "recall": [[0.9732335382696249]], "fscore": [[0.9539305333577873]]}