{"jaccard": [0.5750978026397572], "precision": [[0.9510723345376279]], "recall": [[0.9734422759941935]], "fscore": [[0.9621272947484452]]}