{"jaccard": [0.6190105279027112], "precision": [[0.9692545357966091]], "recall": [[0.9423838674828953]], "fscore": [[0.9556303498112926]]}