{"jaccard": [0.6572325216481665], "precision": [[0.9817042208207517]], "recall": [[0.9325505097926585]], "fscore": [[0.9564962875119909]]}