{"jaccard": [0.5452705399395632], "precision": [[0.8893712025204012]], "recall": [[0.8741211119389085]], "fscore": [[0.8816802183931665]]}