{"jaccard": [0.6068187655166509], "precision": [[0.967345347805854]], "recall": [[0.9119881505924704]], "fscore": [[0.9388514550307954]]}