{"jaccard": [0.5902106981959828], "precision": [[0.9681969684945639]], "recall": [[0.9359465140542531]], "fscore": [[0.951798628501884]]}