{"jaccard": [0.5293977529874151], "precision": [[0.9664329223620036]], "recall": [[0.884430600891913]], "fscore": [[0.9236152093414981]]}