{"jaccard": [0.6194524827780481], "precision": [[0.9602470314341656]], "recall": [[0.9437591249611067]], "fscore": [[0.9519316889694682]]}