{"jaccard": [0.5852669451474221], "precision": [[0.9741875765879006]], "recall": [[0.8312227387769022]], "fscore": [[0.8970446868530334]]}