{"jaccard": [0.5857506173749585], "precision": [[0.9832184620765861]], "recall": [[0.9169984504400306]], "fscore": [[0.9489546169486324]]}