{"jaccard": [0.6550489970907978], "precision": [[0.9719957583151846]], "recall": [[0.9462624603156984]], "fscore": [[0.9589565041313483]]}