{"jaccard": [0.5642740286298569], "precision": [[0.909822997331945]], "recall": [[0.884227002982998]], "fscore": [[0.8968424091130199]]}