{"jaccard": [0.6025462293184628], "precision": [[0.9383702130740088]], "recall": [[0.9033142273094189]], "fscore": [[0.9205085793922967]]}