{"jaccard": [0.5156957300962622], "precision": [[0.9815498465999123]], "recall": [[0.8951019388559021]], "fscore": [[0.9363347825999561]]}