{"jaccard": [0.5691325282005167], "precision": [[0.9950071705529293]], "recall": [[0.944254395397602]], "fscore": [[0.9689666528158293]]}