{"jaccard": [0.5834681901974305], "precision": [[0.9888706546820722]], "recall": [[0.9287480244730624]], "fscore": [[0.9578668345053801]]}