{"jaccard": [0.6598171036340335], "precision": [[0.9838374160037318]], "recall": [[0.9530887417865604]], "fscore": [[0.9682190115200655]]}