{"jaccard": [0.5665079879370934], "precision": [[0.9835299333102039]], "recall": [[0.8925611883907136]], "fscore": [[0.9358400942671713]]}