{"jaccard": [0.5980520543460468], "precision": [[0.9600887933975185]], "recall": [[0.9361013482655229]], "fscore": [[0.947943346193965]]}