{"jaccard": [0.584947962145706], "precision": [[0.9493583828413635]], "recall": [[0.9909131245648652]], "fscore": [[0.969690765320531]]}