{"jaccard": [0.5916014820913956], "precision": [[0.9884695113190896]], "recall": [[0.8815340066699126]], "fscore": [[0.9319442240635317]]}