{"jaccard": [0.627808634183287], "precision": [[0.9858105546572173]], "recall": [[0.9307304601899197]], "fscore": [[0.9574790250647189]]}