{"jaccard": [0.6275007206687806], "precision": [[0.9579109894159409]], "recall": [[0.9201774432047318]], "fscore": [[0.9386651552169014]]}