{"jaccard": [0.5588958942026757], "precision": [[0.9610989180984056]], "recall": [[0.8982762905229865]], "fscore": [[0.9286263116471227]]}