{"jaccard": [0.6692861559327443], "precision": [[0.9890897215177624]], "recall": [[0.9461032349628989]], "fscore": [[0.967119048323034]]}