{"jaccard": [0.6466733214704223], "precision": [[0.9727769143529215]], "recall": [[0.9528294123939536]], "fscore": [[0.9626998445307239]]}