{"jaccard": [0.4479272805276988], "precision": [[0.9496583422364673]], "recall": [[0.8364783265042053]], "fscore": [[0.8894824620837025]]}