{"jaccard": [0.6020715910214576], "precision": [[0.9706539510737595]], "recall": [[0.9616104991551953]], "fscore": [[0.9661110623738924]]}