{"jaccard": [0.5433064366345419], "precision": [[0.9911125655577468]], "recall": [[0.8919191214650516]], "fscore": [[0.9389032110690511]]}