{"jaccard": [0.5775869211013228], "precision": [[0.9565850649720882]], "recall": [[0.9216544064402395]], "fscore": [[0.9387949233156142]]}