{"jaccard": [0.6171220216240852], "precision": [[0.9548689138576779]], "recall": [[0.9737052465160895]], "fscore": [[0.9641950932062145]]}