{"jaccard": [0.6758577816993202], "precision": [[0.9624625530289321]], "recall": [[0.9505522217941946]], "fscore": [[0.9564703108578461]]}