{"jaccard": [0.6707783694110722], "precision": [[0.9936757746322604]], "recall": [[0.9631022103103699]], "fscore": [[0.9781501450285961]]}