{"jaccard": [0.6410413406807719], "precision": [[0.9771608094599762]], "recall": [[0.9261240100241873]], "fscore": [[0.9509581309441889]]}