{"jaccard": [0.5383742587399114], "precision": [[0.9626175019031246]], "recall": [[0.9020611326410792]], "fscore": [[0.9313560181152748]]}