{"jaccard": [0.46473882111072035], "precision": [[0.9374515214993906]], "recall": [[0.8792455818234907]], "fscore": [[0.9074161090964808]]}