{"jaccard": [0.5638871274571972], "precision": [[0.9486086638138173]], "recall": [[0.7750262918039683]], "fscore": [[0.8530769844189319]]}