{"jaccard": [0.516058011532413], "precision": [[0.913151083360017]], "recall": [[0.8004736703605158]], "fscore": [[0.8531078903988357]]}