{"jaccard": [0.6478616924476797], "precision": [[0.9683240091403357]], "recall": [[0.9342823154806625]], "fscore": [[0.950998622981416]]}