{"jaccard": [0.5258548790658882], "precision": [[0.9599399548969964]], "recall": [[0.7983052115033913]], "fscore": [[0.8716930759929017]]}