{"jaccard": [0.6330529172320217], "precision": [[0.9059470095916713]], "recall": [[0.961891745128899]], "fscore": [[0.9330815605448828]]}