{"jaccard": [0.5882762329568821], "precision": [[0.9534951938264362]], "recall": [[0.8008262779117531]], "fscore": [[0.8705177692686029]]}