{"jaccard": [0.6214485794317727], "precision": [[0.9646757449103411]], "recall": [[0.8873868287238]], "fscore": [[0.9244186046511628]]}