{"jaccard": [0.6600735970561178], "precision": [[0.9934952298352124]], "recall": [[0.8381737380693618]], "fscore": [[0.9092490238535751]]}