{"jaccard": [0.5886876104049046], "precision": [[0.9670120491385062]], "recall": [[0.8968803844007086]], "fscore": [[0.930626813806649]]}