{"jaccard": [0.5630953655142887], "precision": [[0.9935492895167727]], "recall": [[0.8274947576168743]], "fscore": [[0.902951062389938]]}