{"jaccard": [0.5994303853798915], "precision": [[0.9892663771047777]], "recall": [[0.8054001424149506]], "fscore": [[0.8879145761517078]]}