{"jaccard": [0.6571502057613169], "precision": [[0.9945610633282108]], "recall": [[0.8388959769802921]], "fscore": [[0.9101203426581406]]}