{"jaccard": [0.7408959537572254], "precision": [[0.984530328311908]], "recall": [[0.9659607092623763]], "fscore": [[0.9751571229050279]]}