{"jaccard": [0.6333174730986019], "precision": [[0.9841115174813352]], "recall": [[0.8997982214194472]], "fscore": [[0.9400681729314361]]}