{"jaccard": [0.681396605772349], "precision": [[0.9483246689181497]], "recall": [[0.967316416108006]], "fscore": [[0.9577264000183948]]}