{"jaccard": [0.6290898736798509], "precision": [[0.9907291749018368]], "recall": [[0.8289316440959743]], "fscore": [[0.9026371895588037]]}