{"jaccard": [0.6173151799221288], "precision": [[0.9603709846333145]], "recall": [[0.989977400845158]], "fscore": [[0.9749494790707872]]}