{"jaccard": [0.6583533887120565], "precision": [[0.9834621012478924]], "recall": [[0.9566891544522668]], "fscore": [[0.9698909023865325]]}