{"jaccard": [0.5358797671379352], "precision": [[0.8719638788083383]], "recall": [[0.8840506545734577]], "fscore": [[0.8779656696125084]]}