{"jaccard": [0.4913446315953388], "precision": [[0.9182967972677226]], "recall": [[0.8390170225701041]], "fscore": [[0.8768685888446828]]}