{"jaccard": [0.6911696387092163], "precision": [[0.9866307332674473]], "recall": [[0.9856781649397397]], "fscore": [[0.9861542190720757]]}