{"jaccard": [0.5481758268831995], "precision": [[0.9716830772233245]], "recall": [[0.8451502867512438]], "fscore": [[0.9040105137106222]]}