{"jaccard": [0.6050327034883721], "precision": [[0.9816707294205888]], "recall": [[0.8798339011179463]], "fscore": [[0.9279667354139701]]}