{"jaccard": [0.6829020700636943], "precision": [[0.9883181577781271]], "recall": [[0.9772063967662834]], "fscore": [[0.9827308680403798]]}