{"jaccard": [0.698565109504801], "precision": [[0.9822319708469698]], "recall": [[0.9656936388704003]], "fscore": [[0.9738925977565239]]}