{"jaccard": [0.625246884982078], "precision": [[0.971829004373787]], "recall": [[0.9870762480351695]], "fscore": [[0.9793932873367653]]}