{"jaccard": [0.49624437912929886], "precision": [[0.9499347715112212]], "recall": [[0.8524323155032808]], "fscore": [[0.8985462536354836]]}