{"jaccard": [0.6110170721091067], "precision": [[0.986560966402416]], "recall": [[0.930711263693215]], "fscore": [[0.9578226704978595]]}