{"jaccard": [0.5744881296319558], "precision": [[0.9714069873804833]], "recall": [[0.8643973078698641]], "fscore": [[0.9147833316548135]]}