{"jaccard": [0.6688674454037582], "precision": [[0.9719129577541219]], "recall": [[0.9261008389601548]], "fscore": [[0.948454017700521]]}