{"jaccard": [0.6313243633937506], "precision": [[0.9718861881987506]], "recall": [[0.9338250813717104]], "fscore": [[0.9524755541623076]]}