{"jaccard": [0.6328692625625408], "precision": [[0.9798565157428073]], "recall": [[0.8999984015728523]], "fscore": [[0.9382312324384448]]}