{"jaccard": [0.554198324090587], "precision": [[0.9760837694391864]], "recall": [[0.8833378818095938]], "fscore": [[0.9273977946702695]]}