{"jaccard": [0.5617256637168142], "precision": [[0.9952436704229475]], "recall": [[0.770095122403179]], "fscore": [[0.8683118496120162]]}