{"jaccard": [0.6250936990167115], "precision": [[0.9832159583993388]], "recall": [[0.9590643029300369]], "fscore": [[0.9709899714746056]]}