{"jaccard": [0.5976867626266138], "precision": [[0.9334209934122568]], "recall": [[0.9402331648821508]], "fscore": [[0.9368146954103415]]}