{"jaccard": [0.6921746649373108], "precision": [[0.990825984728452]], "recall": [[0.9098447925547934]], "fscore": [[0.9486102204630388]]}