{"jaccard": [0.6332505456461203], "precision": [[0.9930337479258944]], "recall": [[0.7377278816619889]], "fscore": [[0.8465506407727265]]}