{"jaccard": [0.5695234507440196], "precision": [[0.9352622865755726]], "recall": [[0.8051519857054732]], "fscore": [[0.8653437278525868]]}