{"jaccard": [0.7448362194867515], "precision": [[0.9739212055100332]], "recall": [[0.941309642512709]], "fscore": [[0.9573377775745913]]}