{"jaccard": [0.6664564801261119], "precision": [[0.9871868796464618]], "recall": [[0.9464684360005571]], "fscore": [[0.9663989382788397]]}