{"jaccard": [0.6351840899009316], "precision": [[0.9242354820128816]], "recall": [[0.7514448713718561]], "fscore": [[0.8289313788224797]]}