{"jaccard": [0.7120829361296472], "precision": [[0.9786419899480986]], "recall": [[0.9228767671206953]], "fscore": [[0.9499416742479077]]}