{"jaccard": [0.587640895194978], "precision": [[0.9757739313853216]], "recall": [[0.9158358807993845]], "fscore": [[0.9448552996024467]]}