{"jaccard": [0.5736766809728183], "precision": [[0.9910169899987951]], "recall": [[0.8611313247650708]], "fscore": [[0.9215199092424264]]}