{"jaccard": [0.6806272924620106], "precision": [[0.910923994593187]], "recall": [[0.8958649665526346]], "fscore": [[0.9033317243987247]]}