{"jaccard": [0.7079592657108401], "precision": [[0.968061157799534]], "recall": [[0.9783303421911174]], "fscore": [[0.9731686598266549]]}