{"jaccard": [0.5745696845269738], "precision": [[0.9960506916259422]], "recall": [[0.9673094310360916]], "fscore": [[0.9814696923694701]]}