{"jaccard": [0.7451635696961595], "precision": [[0.9932350235884045]], "recall": [[0.9514345110968548]], "fscore": [[0.9718855180451549]]}