{"jaccard": [0.672953835688445], "precision": [[0.9780036477608769]], "recall": [[0.9726472245703015]], "fscore": [[0.9753180818845634]]}