{"jaccard": [0.6100549499246655], "precision": [[0.956031647398272]], "recall": [[0.9198225471716075]], "fscore": [[0.937577630108061]]}