{"jaccard": [0.7070275525083783], "precision": [[0.9895304868880486]], "recall": [[0.9291851216591452]], "fscore": [[0.9584088457389429]]}