{"jaccard": [0.6867136298321243], "precision": [[0.9926599481796532]], "recall": [[0.84608287250064]], "fscore": [[0.9135291471174241]]}