{"jaccard": [0.6408694149166019], "precision": [[0.949000521715515]], "recall": [[0.8954548519792299]], "fscore": [[0.9214504550454005]]}