{"jaccard": [0.5663614163614163], "precision": [[0.9905761003340562]], "recall": [[0.6740604262378764]], "fscore": [[0.8022269579621342]]}