{"jaccard": [0.5241300745650372], "precision": [[0.8857433989012936]], "recall": [[0.7610234781814306]], "fscore": [[0.8186605300226029]]}