{"jaccard": [0.6517333212963798], "precision": [[0.9841029218427195]], "recall": [[0.9477566946021136]], "fscore": [[0.9655878971892907]]}