{"jaccard": [0.680713626576438], "precision": [[0.9773128913336064]], "recall": [[0.9380486736350208]], "fscore": [[0.9572783313702057]]}