{"jaccard": [0.6647292043573656], "precision": [[0.9903808830664725]], "recall": [[0.9102178917620303]], "fscore": [[0.9486088398720812]]}