{"jaccard": [0.6403411481240677], "precision": [[0.8923708106216256]], "recall": [[0.8811148086522462]], "fscore": [[0.8867070897024303]]}