{"jaccard": [0.6034142328259975], "precision": [[0.9395141088457325]], "recall": [[0.7950160598417728]], "fscore": [[0.8612462538434593]]}