{"jaccard": [0.5952809798270894], "precision": [[0.9392246760514874]], "recall": [[0.7233536408471134]], "fscore": [[0.8172746896671209]]}