{"jaccard": [0.5714754636468078], "precision": [[0.9210117756008098]], "recall": [[0.7986883129153151]], "fscore": [[0.8554995677932153]]}