{"jaccard": [0.6295462128795463], "precision": [[0.9624598706180328]], "recall": [[0.8602946477925448]], "fscore": [[0.9085140835418749]]}