{"jaccard": [0.603640982218459], "precision": [[0.9876502031967278]], "recall": [[0.7776817864523219]], "fscore": [[0.8701791831968386]]}