{"jaccard": [0.6572656459844212], "precision": [[0.9211728581628318]], "recall": [[0.9859723478970243]], "fscore": [[0.9524717498131751]]}