{"jaccard": [0.5953848788423667], "precision": [[0.9920543473042392]], "recall": [[0.7960512375999229]], "fscore": [[0.8833103566199652]]}