{"jaccard": [0.6421819996119411], "precision": [[0.9832205264085729]], "recall": [[0.8658092558966591]], "fscore": [[0.9207871506437436]]}