{"jaccard": [0.6510051605946238], "precision": [[0.9372735627308556]], "recall": [[0.9791418575239783]], "fscore": [[0.9577503577991179]]}