{"jaccard": [0.6277500443953355], "precision": [[0.9803049164343426]], "recall": [[0.8909413151396788]], "fscore": [[0.9334892829697137]]}