{"jaccard": [0.6073636935627346], "precision": [[0.95490381269573]], "recall": [[0.9185973670745645]], "fscore": [[0.9363987998761855]]}