{"jaccard": [0.6368863794699026], "precision": [[0.9919422539214584]], "recall": [[0.9805156619578428]], "fscore": [[0.9861958604010791]]}