{"jaccard": [0.6344747440341422], "precision": [[0.9883182783086525]], "recall": [[0.9963241082588676]], "fscore": [[0.9923050459633094]]}