{"jaccard": [0.7362967078760939], "precision": [[0.9918874969668655]], "recall": [[0.9819195468234619]], "fscore": [[0.9868783522539939]]}