{"jaccard": [0.6948380460566367], "precision": [[0.9929398039504914]], "recall": [[0.9906780879878785]], "fscore": [[0.9918076565678551]]}