{"jaccard": [0.5415369793982511], "precision": [[0.966562367730885]], "recall": [[0.9523449466623534]], "fscore": [[0.9594009878831188]]}