{"jaccard": [0.5833697225988831], "precision": [[0.9550890814689662]], "recall": [[0.8813497711695535]], "fscore": [[0.916738983375129]]}