{"jaccard": [0.47541262067208334], "precision": [[0.9322395703023109]], "recall": [[0.8745705153815422]], "fscore": [[0.9024847137155271]]}