{"jaccard": [0.5676231288183687], "precision": [[0.948277955892354]], "recall": [[0.8709691811763132]], "fscore": [[0.9079809531561597]]}