{"jaccard": [0.6468465141264752], "precision": [[0.9880759062703475]], "recall": [[0.9447951242381623]], "fscore": [[0.9659509443584863]]}