{"jaccard": [0.5786684671413372], "precision": [[0.9528857621279108]], "recall": [[0.9113883213248737]], "fscore": [[0.9316751896820801]]}