{"jaccard": [0.6604436121027681], "precision": [[0.9868695655900339]], "recall": [[0.9537826263429504]], "fscore": [[0.970044039873883]]}