{"jaccard": [0.47926722884559464], "precision": [[0.9912935974938971]], "recall": [[0.6172232261094767]], "fscore": [[0.7607622416981588]]}