{"jaccard": [0.5966204506065858], "precision": [[0.9746191346739793]], "recall": [[0.9202130501432253]], "fscore": [[0.946635014786614]]}