{"jaccard": [0.6417789514749572], "precision": [[0.9782374557977211]], "recall": [[0.8777451960365487]], "fscore": [[0.9252707470739204]]}