{"jaccard": [0.5768177079545179], "precision": [[0.9856629712897641]], "recall": [[0.8518751786735277]], "fscore": [[0.9138986527121864]]}