{"jaccard": [0.6363664751436423], "precision": [[0.9494898397940137]], "recall": [[0.9229838709677419]], "fscore": [[0.9360492515765143]]}