{"jaccard": [0.6164795633566954], "precision": [[0.9822427199607869]], "recall": [[0.8788198943486495]], "fscore": [[0.9276576045787391]]}