{"jaccard": [0.6508118712693576], "precision": [[0.939293874914434]], "recall": [[0.8998208199794959]], "fscore": [[0.9191337408958828]]}