{"jaccard": [0.6531374021237799], "precision": [[0.9759846541982027]], "recall": [[0.975378614234395]], "fscore": [[0.9756815401065952]]}