{"jaccard": [0.6527982326951399], "precision": [[0.9273907726514731]], "recall": [[0.9599092319234823]], "fscore": [[0.9433698533469643]]}