{"jaccard": [0.5756239743307126], "precision": [[0.9405710899933912]], "recall": [[0.8717541451050798]], "fscore": [[0.9048560717339356]]}