{"jaccard": [0.6332882273342354], "precision": [[0.9415818922982335]], "recall": [[0.9333265050060174]], "fscore": [[0.9374360240523844]]}