{"jaccard": [0.6532041307115575], "precision": [[0.9081419006837163]], "recall": [[0.9588591982914203]], "fscore": [[0.9328116789030676]]}