{"jaccard": [0.5686123796174888], "precision": [[0.8611926186750131]], "recall": [[0.8003060096044599]], "fscore": [[0.8296337010718071]]}