{"jaccard": [0.6488899731641864], "precision": [[0.9055608670438694]], "recall": [[0.910096873277152]], "fscore": [[0.9078232040726542]]}