{"jaccard": [0.627142012999803], "precision": [[0.9458689957862092]], "recall": [[0.8651996922879672]], "fscore": [[0.9037377427900611]]}