{"jaccard": [0.7432273739623405], "precision": [[0.9611752878702842]], "recall": [[0.921172715450999]], "fscore": [[0.9407489458799526]]}