{"jaccard": [0.5562136117245533], "precision": [[0.9837752844657401]], "recall": [[0.8209501970263916]], "fscore": [[0.8950175767941191]]}