{"jaccard": [0.6500064574454346], "precision": [[0.9874481271894369]], "recall": [[0.8969945315062592]], "fscore": [[0.9400504346978407]]}