{"jaccard": [0.6602830088307267], "precision": [[0.9597455698193165]], "recall": [[0.981941433507215]], "fscore": [[0.9707166386920434]]}