{"jaccard": [0.6782360735065384], "precision": [[0.9555652983556765]], "recall": [[0.9547971312956138]], "fscore": [[0.9551810603835814]]}