{"jaccard": [0.716010371090585], "precision": [[0.9479596883887721]], "recall": [[0.9363636918830118]], "fscore": [[0.9421260096533459]]}