{"jaccard": [0.6207405622005966], "precision": [[0.9872739295367803]], "recall": [[0.9288801571709234]], "fscore": [[0.957187283841616]]}