{"jaccard": [0.6331076230573718], "precision": [[0.9164619898002695]], "recall": [[0.9615771789560339]], "fscore": [[0.9384776946437889]]}