{"jaccard": [0.5946180423433434], "precision": [[0.9895516507761406]], "recall": [[0.9137468758753915]], "fscore": [[0.9501396830320581]]}