{"jaccard": [0.5762821340912027], "precision": [[0.9483590144594759]], "recall": [[0.9670630530973451]], "fscore": [[0.9576197115922218]]}