{"jaccard": [0.5897222358301083], "precision": [[0.9844446033756998]], "recall": [[0.86036824387674]], "fscore": [[0.9182339291074822]]}