{"jaccard": [0.46922507544269204], "precision": [[0.9924213920988981]], "recall": [[0.599250936329588]], "fscore": [[0.7472762299460912]]}