{"jaccard": [0.5779655712050078], "precision": [[0.953107693950083]], "recall": [[0.9624793373580567]], "fscore": [[0.9577705911670248]]}