{"jaccard": [0.5012341523617189], "precision": [[0.8957465584186375]], "recall": [[0.6907613577592073]], "fscore": [[0.780011372892557]]}