{"jaccard": [0.6416070504700908], "precision": [[0.9802168505591522]], "recall": [[0.9791840375002593]], "fscore": [[0.9797001718284373]]}