{"jaccard": [0.6311689892289905], "precision": [[0.9475984344530958]], "recall": [[0.8691501057082452]], "fscore": [[0.9066805463355248]]}