{"jaccard": [0.5719969954729085], "precision": [[0.9403279147219642]], "recall": [[0.945427549963858]], "fscore": [[0.9428708368890498]]}