{"jaccard": [0.6532206471598371], "precision": [[0.9675431655638759]], "recall": [[0.9605048458216646]], "fscore": [[0.9640111590352957]]}