{"jaccard": [0.6031259514868568], "precision": [[0.9739361793728151]], "recall": [[0.9297036498210227]], "fscore": [[0.951306026244578]]}