{"jaccard": [0.53415919184882], "precision": [[0.9829274262636152]], "recall": [[0.8664544986805198]], "fscore": [[0.9210232660712316]]}