{"jaccard": [0.6410029824367613], "precision": [[0.9817371351986394]], "recall": [[0.9605167062260361]], "fscore": [[0.9710109969859491]]}