{"jaccard": [0.5993627867459643], "precision": [[0.972230012776509]], "recall": [[0.9115889036372895]], "fscore": [[0.940933423810601]]}