{"jaccard": [0.5455335807880722], "precision": [[0.9101042539327935]], "recall": [[0.8188308697290734]], "fscore": [[0.8620583243326647]]}