{"jaccard": [0.21660023969875983], "precision": [[0.9843188500490035]], "recall": [[0.7577559415811881]], "fscore": [[0.8563047472112544]]}