{"jaccard": [0.617735979713066], "precision": [[0.9346337858337547]], "recall": [[0.9623911084409733]], "fscore": [[0.9483093741675135]]}