{"jaccard": [0.4781434783039331], "precision": [[0.968768785179518]], "recall": [[0.7797277385586417]], "fscore": [[0.8640290487272905]]}