{"jaccard": [0.6679986930409617], "precision": [[0.9512403951701427]], "recall": [[0.945490649617038]], "fscore": [[0.9483568075117371]]}