{"jaccard": [0.6049794635106245], "precision": [[0.9726172825947688]], "recall": [[0.9937722087151674]], "fscore": [[0.9830809505749146]]}