{"jaccard": [0.627055673933235], "precision": [[0.9794063953830752]], "recall": [[0.9152157164869029]], "fscore": [[0.946223650897505]]}