{"jaccard": [0.6327852430135756], "precision": [[0.9742843728111699]], "recall": [[0.9514539024417744]], "fscore": [[0.9627338050156012]]}