{"jaccard": [0.6725400623595098], "precision": [[0.968824669531242]], "recall": [[0.9468367116834958]], "fscore": [[0.9577045017372859]]}