{"jaccard": [0.6601476620180475], "precision": [[0.9696812094419688]], "recall": [[0.9424983628405005]], "fscore": [[0.955896575430256]]}