{"jaccard": [0.5969661487915275], "precision": [[0.9906331645893087]], "recall": [[0.8891512045429381]], "fscore": [[0.937152884148489]]}