{"jaccard": [0.5775159144553322], "precision": [[0.9856300169255777]], "recall": [[0.9334867572661443]], "fscore": [[0.9588500092721466]]}