{"jaccard": [0.608647755439273], "precision": [[0.9796766660355072]], "recall": [[0.8622056460412244]], "fscore": [[0.9171951402239954]]}