{"jaccard": [0.698276440211924], "precision": [[0.9595464078774306]], "recall": [[0.862871710447451]], "fscore": [[0.9086448843912394]]}