{"jaccard": [0.6860127465399555], "precision": [[0.9826174814937007]], "recall": [[0.8882827353953598]], "fscore": [[0.9330718297311321]]}