{"jaccard": [0.5725465233833826], "precision": [[0.9930613471739489]], "recall": [[0.8497764832887749]], "fscore": [[0.9158485519907077]]}