{"jaccard": [0.6204072989093989], "precision": [[0.9739327408956264]], "recall": [[0.8519690880360944]], "fscore": [[0.9088775485315201]]}