{
    "precision": 0.49571936774376235,
    "recall": 0.4335950836462957,
    "f1_score": 0.38141744552141493,
    "accuracy": 0.4335950836462957
}