{
    "precision": 0.577955831742209,
    "recall": 0.5330396475770925,
    "f1_score": 0.530726872246696,
    "accuracy": 0.5330396475770925,
    "confusion_matrix": [
        [
            33,
            18,
            1,
            1
        ],
        [
            22,
            47,
            16,
            5
        ],
        [
            2,
            5,
            20,
            35
        ],
        [
            0,
            0,
            1,
            21
        ]
    ]
}