{
    "precision": 0.542576891069548,
    "recall": 0.5009345794392523,
    "f1_score": 0.4669195193170649,
    "accuracy": 0.5009345794392523,
    "confusion_matrix": [
        [
            202,
            684,
            217,
            7
        ],
        [
            48,
            1289,
            1029,
            38
        ],
        [
            0,
            466,
            2357,
            232
        ],
        [
            0,
            11,
            1430,
            440
        ]
    ]
}