{
    "precision": 0.5737774463676082,
    "recall": 0.48177570093457944,
    "f1_score": 0.4083973924636955,
    "accuracy": 0.48177570093457944,
    "confusion_matrix": [
        [
            202,
            684,
            223,
            1
        ],
        [
            48,
            1289,
            1067,
            0
        ],
        [
            0,
            466,
            2573,
            16
        ],
        [
            0,
            11,
            1810,
            60
        ]
    ]
}