{
    "precision": 0.5465695826578119,
    "recall": 0.47897196261682246,
    "f1_score": 0.4108771977041624,
    "accuracy": 0.47897196261682246,
    "confusion_matrix": [
        [
            527,
            359,
            223,
            1
        ],
        [
            378,
            959,
            1067,
            0
        ],
        [
            26,
            440,
            2579,
            10
        ],
        [
            0,
            11,
            1835,
            35
        ]
    ]
}