{
    "precision": 0.6059606612007712,
    "recall": 0.5947136563876652,
    "f1_score": 0.590185374078292,
    "accuracy": 0.5947136563876652,
    "confusion_matrix": [
        [
            39,
            12,
            2,
            0
        ],
        [
            22,
            46,
            22,
            0
        ],
        [
            3,
            9,
            42,
            8
        ],
        [
            1,
            0,
            13,
            8
        ]
    ]
}