{
    "precision": 0.584077567621109,
    "recall": 0.5594713656387665,
    "f1_score": 0.5463315695146232,
    "accuracy": 0.5594713656387665,
    "confusion_matrix": [
        [
            33,
            14,
            4,
            2
        ],
        [
            13,
            30,
            45,
            2
        ],
        [
            1,
            7,
            48,
            6
        ],
        [
            0,
            0,
            6,
            16
        ]
    ]
}