{
    "precision": 0.7348565508427765,
    "recall": 0.7268722466960352,
    "f1_score": 0.7275153738666976,
    "accuracy": 0.7268722466960352,
    "confusion_matrix": [
        [
            41,
            10,
            2,
            0
        ],
        [
            11,
            60,
            17,
            2
        ],
        [
            0,
            7,
            47,
            8
        ],
        [
            0,
            0,
            5,
            17
        ]
    ]
}