{
    "precision": 0.4683059363707357,
    "recall": 0.40059178331626266,
    "f1_score": 0.3493073851289249,
    "accuracy": 0.40059178331626266
}