{
    "precision": 0.5447734065937244,
    "recall": 0.49883177570093457,
    "f1_score": 0.461083619186931,
    "accuracy": 0.49883177570093457,
    "confusion_matrix": [
        [
            202,
            622,
            279,
            7
        ],
        [
            48,
            1096,
            1222,
            38
        ],
        [
            0,
            291,
            2532,
            232
        ],
        [
            0,
            6,
            1435,
            440
        ]
    ]
}