{
    "precision": 0.5314771130269649,
    "recall": 0.46932969158984866,
    "f1_score": 0.40133735665937165,
    "accuracy": 0.46932969158984866
}