{
    "precision": 0.5926937767693303,
    "recall": 0.5198237885462555,
    "f1_score": 0.513394273217005,
    "accuracy": 0.5198237885462555,
    "confusion_matrix": [
        [
            27,
            15,
            10,
            1
        ],
        [
            6,
            30,
            52,
            2
        ],
        [
            1,
            3,
            50,
            8
        ],
        [
            0,
            0,
            11,
            11
        ]
    ]
}