{
    "precision": 0.5465801066543009,
    "recall": 0.4008810572687225,
    "f1_score": 0.3428264515589009,
    "accuracy": 0.4008810572687225,
    "confusion_matrix": [
        [
            5,
            30,
            18,
            0
        ],
        [
            0,
            25,
            63,
            2
        ],
        [
            0,
            1,
            57,
            4
        ],
        [
            0,
            1,
            17,
            4
        ]
    ]
}