{
    "precision": 0.5445273128740561,
    "recall": 0.5011682242990654,
    "f1_score": 0.46526648463850345,
    "accuracy": 0.5011682242990654,
    "confusion_matrix": [
        [
            202,
            654,
            247,
            7
        ],
        [
            48,
            1192,
            1126,
            38
        ],
        [
            0,
            367,
            2456,
            232
        ],
        [
            0,
            8,
            1433,
            440
        ]
    ]
}