{
    "precision": 0.4412900151680723,
    "recall": 0.3625810856947764,
    "f1_score": 0.31457741596470173,
    "accuracy": 0.3625810856947764
}