{
    "precision": 0.00939276912030119,
    "recall": 0.09691629955947137,
    "f1_score": 0.017125771809705783,
    "accuracy": 0.09691629955947137,
    "confusion_matrix": [
        [
            0,
            0,
            0,
            53
        ],
        [
            0,
            0,
            0,
            90
        ],
        [
            0,
            0,
            0,
            62
        ],
        [
            0,
            0,
            0,
            22
        ]
    ]
}