{
    "precision": 0.5434122025010253,
    "recall": 0.5245327102803738,
    "f1_score": 0.5081706345541993,
    "accuracy": 0.5245327102803738,
    "confusion_matrix": [
        [
            202,
            684,
            209,
            15
        ],
        [
            48,
            1289,
            928,
            139
        ],
        [
            0,
            466,
            1944,
            645
        ],
        [
            0,
            11,
            815,
            1055
        ]
    ]
}