{"jaccard": [0.7738397998006145], "precision": [[0.9607255497294884]], "recall": [[0.9807619123920924]], "fscore": [[0.9706403423352437]]}