{"jaccard": [0.6719385817372905], "precision": [[0.9739788849537397]], "recall": [[0.9480557810078949]], "fscore": [[0.9608425163320626]]}