{"jaccard": [0.6223201654151703], "precision": [[0.9930668973100297]], "recall": [[0.8679791546033584]], "fscore": [[0.9263192225743534]]}