{"jaccard": [0.6677783694403184], "precision": [[0.9726819986161186]], "recall": [[0.9569686356531515]], "fscore": [[0.9647613392903504]]}