{"jaccard": [0.6488732569721115], "precision": [[0.9753571294983355]], "recall": [[0.9545446982126039]], "fscore": [[0.9648386912310326]]}