{"jaccard": [0.6477226720647773], "precision": [[0.9788269642559816]], "recall": [[0.9340543616423779]], "fscore": [[0.955916692664757]]}