{"jaccard": [0.6456542033115511], "precision": [[0.9656441280504646]], "recall": [[0.924078424016609]], "fscore": [[0.9444041433846354]]}