{"jaccard": [0.655173793048278], "precision": [[0.9915954756047348]], "recall": [[0.9885683141540414]], "fscore": [[0.9900795810035118]]}