{"jaccard": [0.6858624386109241], "precision": [[0.9640110137482287]], "recall": [[0.9427399545812671]], "fscore": [[0.9532568378481603]]}