{"jaccard": [0.7334187760333226], "precision": [[0.9824371137531874]], "recall": [[0.9830891552649634]], "fscore": [[0.9827630263553102]]}