{"jaccard": [0.6783484538093845], "precision": [[0.988179190881347]], "recall": [[0.924935423345197]], "fscore": [[0.9555119504727385]]}