{"jaccard": [0.654839401960083], "precision": [[0.9037826472668722]], "recall": [[0.950037178386417]], "fscore": [[0.9263328660124174]]}