{"jaccard": [0.6590790454884414], "precision": [[0.9939445979242888]], "recall": [[0.9708105585192695]], "fscore": [[0.9822413821727606]]}