{"jaccard": [0.665691074701168], "precision": [[0.9647075122086378]], "recall": [[0.9886981584813506]], "fscore": [[0.9765555154315685]]}