{"jaccard": [0.6266970473749169], "precision": [[0.9333500986869679]], "recall": [[0.9782351719621092]], "fscore": [[0.9552656722238471]]}