{"jaccard": [0.8081242484153027], "precision": [[0.9938818359375]], "recall": [[0.9789584555746866]], "fscore": [[0.9863637024437757]]}