{"jaccard": [0.6696924740375669], "precision": [[0.9943296627559092]], "recall": [[0.903757171941514]], "fscore": [[0.9468824582338902]]}