{"jaccard": [0.6313859113603559], "precision": [[0.9846717028560379]], "recall": [[0.8605935604794881]], "fscore": [[0.9184610402652926]]}