{"jaccard": [0.6855936913777531], "precision": [[0.977294457776686]], "recall": [[0.9643420507982204]], "fscore": [[0.9707750523684031]]}