{"jaccard": [0.6572520482684606], "precision": [[0.9939678353234497]], "recall": [[0.9206922548383403]], "fscore": [[0.9559278874020936]]}