{"jaccard": [0.6358267716535433], "precision": [[0.9818966662893088]], "recall": [[0.9535620733829181]], "fscore": [[0.9675219644446384]]}