{"jaccard": [0.6510193217048195], "precision": [[0.9008843740956379]], "recall": [[0.9498115022418047]], "fscore": [[0.9247011912074191]]}