{"jaccard": [0.5993662986077772], "precision": [[0.9741297662396469]], "recall": [[0.9504347954142154]], "fscore": [[0.962136416236674]]}