{"jaccard": [0.6371145507836156], "precision": [[0.9731506689402436]], "recall": [[0.9543701983424443]], "fscore": [[0.9636689414863532]]}