{"jaccard": [0.5838132593513824], "precision": [[0.9254759711346537]], "recall": [[0.9369705118838507]], "fscore": [[0.9311877708344598]]}