{"jaccard": [0.6154503357654255], "precision": [[0.9760595950502216]], "recall": [[0.9904524431356111]], "fscore": [[0.9832033486612113]]}