{"jaccard": [0.6099743057920317], "precision": [[0.9647775853375135]], "recall": [[0.9352517374025036]], "fscore": [[0.9497852502535991]]}