{"jaccard": [0.5442630670224454], "precision": [[0.8649392704769958]], "recall": [[0.9134429989243166]], "fscore": [[0.8885296875771186]]}