{"jaccard": [0.6105490685444336], "precision": [[0.9474003834231031]], "recall": [[0.9873095711809793]], "fscore": [[0.9669433540342477]]}