{"jaccard": [0.5815924795114896], "precision": [[0.9328767859473486]], "recall": [[0.9561994397053731]], "fscore": [[0.9443941413521212]]}