{"jaccard": [0.6043492314322655], "precision": [[0.9474940065082932]], "recall": [[0.9524077522483559]], "fscore": [[0.949944525129457]]}