{"jaccard": [0.6108803024089297], "precision": [[0.9446525679758309]], "recall": [[0.9833904990250382]], "fscore": [[0.9636323753618905]]}