{"jaccard": [0.6273279575831217], "precision": [[0.9623793299261784]], "recall": [[0.9888090240917968]], "fscore": [[0.9754151761625933]]}