{"jaccard": [0.7026561625554264], "precision": [[0.9784046901893287]], "recall": [[0.9688875277136028]], "fscore": [[0.973622851943412]]}