{"jaccard": [0.6198376279562301], "precision": [[0.9769023622774994]], "recall": [[0.9364139736232759]], "fscore": [[0.9562297731300813]]}