{"jaccard": [0.6381954428614995], "precision": [[0.9592714672407765]], "recall": [[0.9928031812378528]], "fscore": [[0.9757493291453622]]}