{"jaccard": [0.6141552511415526], "precision": [[0.9530006243978283]], "recall": [[0.9871037099855232]], "fscore": [[0.9697524357736302]]}