{"jaccard": [0.6092280861389142], "precision": [[0.9662726633030407]], "recall": [[0.9732962856841249]], "fscore": [[0.9697717574227671]]}