{"jaccard": [0.6034313631205401], "precision": [[0.9627267687484468]], "recall": [[0.9620499810880304]], "fscore": [[0.9623882559326115]]}